18000,-1617 -44,-47 1,-11 36,23 0,-22 -51,-7 -22,10 -19,-19 -30,-8 -11,18 -10,1 9,17 21,-1 16,15 40,10 19,13 45,8
17724,-1715 -6,-1 3,7 8,4 -5,-10
12737,79 -6,-2 -2,7 8,-5
14318,-1196 -7,-34 29,-34 19,-80 -4,-30 20,-61 21,-11 51,23 18,-26 64,-45 -2,-54 19,-58 -3,-35 33,-47 15,-3 -1,-16 23,-57 -10,-63 30,-28 -3,-29 8,-14 31,-21 31,-7 14,-13 28,1 32,-39 86,-38 16,-14 12,-19 -15,1 -5,-11 53,-54 12,-36 12,-10 14,-68 12,-18 11,5 16,-16 -4,24 4,13 10,2 15,-21 31,-19 3,18 10,-4 9,-16 8,-88 31,-32 68,-34 30,-48 33,-20 19,-40 26,-23 1,-26 25,-27 -9,-34 8,-68 -4,-21 46,-105 4,-43 -2,-19 -25,-43 -8,-60 -24,-67 -8,-87 -16,-36 -23,-26 -9,-39 -33,-24 2,-8 -35,-14 -38,-62 -14,-6 -1,-35 -16,-8 11,-2 -27,-27 -9,-20 -7,-51 -10,-3 -1,-14 -12,-3 -37,-62 -24,-102 -3,-68 -45,-24 -122,-6 -38,-10 -102,-73 -64,-7 12,-16 13,5 1,-22 -8,-9 -24,28 -22,-3 -15,23 -39,13 14,15 -6,15 -19,0 -10,-14 -23,-12 -24,16 19,0 21,25 -23,19 -49,-24 27,-7 -113,-61 -108,43 -27,-1 -47,13 -13,-12 -16,3 -42,28 -38,5 -24,13 -61,65 -4,19 12,40 -13,29 -18,27 -58,52 21,6 11,-9 -1,23 -9,3 -67,-29 -33,3 21,28 11,31 -2,26 -40,59 -40,-97 -81,-10 14,32 37,1 10,31 0,44 16,30 28,28 -8,38 14,11 -21,51 1,-24 -35,-37 -20,-44 -81,-40 -54,-63 8,-32 -18,12 -14,-8 -33,30 -20,5 10,10 23,-9 -23,62 -33,33 -17,37 -42,9 -20,42 13,2 0,18 -57,34 -45,3 -45,22 -55,-5 -49,31 -58,20 -36,-10 -65,2 -118,-12 -88,-37 -75,-19 -140,-4 -116,-58 -52,-13 -37,-59 -36,-32 -30,-7 -14,9 -29,1 -63,-10 -9,12 -65,4 -156,-14 -22,-13 -18,-27 -55,-11 -76,-51 -28,-6 -28,-5 -106,11 -53,19 -42,37 -56,17 -2,75 19,-13 18,0 16,11 16,34 -6,52 10,27 -2,70 -62,114 -11,52 -1,61 -10,29 -23,27 -9,33 -37,46 -14,73 -85,117 14,-6 4,16 22,-48 15,-3 10,9 2,17 -26,23 -19,39 5,11 26,-23 1,-30 5,-3 8,14 14,-30 10,-7 13,10 -1,44 -79,141 7,57 27,45 4,51 -12,27 34,76 10,5 2,-8 0,-57 24,14 33,52 74,33 56,46 70,38 43,1 27,-8 79,35 55,11 36,27 47,-5 85,20 57,24 34,28 49,84 52,37 1,7 -12,7 -10,54 19,37 39,27 25,35 17,-42 42,-66 3,49 24,-9 5,20 -39,43 14,7 -2,20 12,3 13,-19 18,11 26,-12 47,-1 -37,10 2,17 16,2 7,24 -4,5 -10,-15 -13,21 6,27 12,-1 13,23 37,-17 1,13 -16,0 -7,15 20,16 32,-12 2,10 -14,8 -6,22 10,14 30,10 5,22 7,-3 -4,-24 8,9 8,-3 7,-15 13,12 9,39 -6,13 13,-2 8,-16 14,14 17,-14 21,20 0,17 12,5 56,-29 72,-68 -11,-62 9,10 9,-7 -8,20 5,11 36,22 48,-11 15,-28 6,29 19,-6 18,-21 0,29 21,2 -25,18 10,9 -32,17 8,18 25,23 13,41 30,12 12,15 -12,15 3,19 15,8 8,19 22,4 0,22 12,0 13,-13 0,19 16,3 -1,13 20,3 7,11 15,-21 63,0 18,9 16,-11 10,17 20,1 -8,8 4,39 -19,16 -41,2 -25,17 14,12 20,-13 10,11 8,-2 34,-29 28,10 23,-30 72,-12 51,-22 31,7 30,-21 19,-3 70,39 -8,-7 5,-9 -18,-22 23,6 14,-27 18,-1 7,12 -6,18 17,18 10,-1 7,-17 29,-11 5,-11 -41,-44 5,-21 -13,-23 -16,9 -37,-16 2,-63 -6,-22 -48,-61 4,-16 76,-48 8,-17 29,-14 13,2 -1,-15 9,-5 21,1 70,-35 55,-49 76,-18 24,-43 79,-37 47,7 32,22 13,40 26,36 19,58 4,46 18,55 -11,59 7,32 -12,35 18,54 -4,32 17,16 14,-2 -4,19 -20,12 1,14 18,37 9,-7 21,110 16,7 13,17 15,-4 -6,-12 17,-14 12,-30 3,-51 31,-14
17828,-1737 31,-28 8,-43 -71,-18 -64,18 -6,22 15,11 -1,12 11,9 31,15 37,8 9,-6
16420,-2025 24,-3 75,-49 47,-50 128,-82 3,-23 -20,-6 -30,12 -29,17 -8,13 -77,38 -40,29 -76,81 -13,31 16,-8
12773,85 15,-2 9,21 19,12 6,24 32,16 17,-3 -1,-42 -40,-23 -4,-15 35,-18 8,-19 21,-14 -92,25 -9,-17 9,-55 27,-48 18,-16 -38,18 -36,47 2,53 -17,32 7,24 -18,29 20,70 41,36 -15,-37 12,-13 0,-37 -36,-32 8,-16
6918,-4911 41,14 5,-15 -24,-6 14,-7 78,19 16,-2 8,-12 -17,-23 -22,9 -41,-9 23,-15 26,5 6,-5 -19,-12 -97,17 -6,-12 -22,-6 -9,6 9,21 -7,21 8,7 -11,9 6,22 23,19 8,-20 -11,-16 15,-9
6337,8070 -85,12 59,15 99,3 21,17 86,-3 21,-8 6,-13 -89,-17 -118,-6
5796,8012 -63,4 -15,24 -17,7 7,2 140,-3 77,-12 -85,-2 -44,-20
-2543,7092 4,-9 -8,-5 12,-9 -5,-4 -82,-20 -39,10 -143,-6 33,22 0,19 9,1 100,-3 80,16 39,-12
15975,-927 22,-16 38,1 27,-17 20,-27 -17,-7 -33,11 -47,3 -23,26 0,22 13,4
11731,844 -9,-7 1,9 12,25 53,53 24,11 90,100 20,13 9,21 -5,16 5,12 19,38 5,-4 -2,-36 16,-45 -32,-17 -18,-27 -41,-14 -1,-15 -33,-51 -31,-16 -14,-22 -68,-44
12250,1161 34,-1 9,-7 -3,-9 26,10 -4,-25 -10,-17 -22,-13 -3,-17 -57,-20 -25,-18 15,120 -21,15 3,6 11,5 47,-29
12313,906 -14,0 -12,26 -31,16 -16,34 7,14 39,13 -4,41 14,20 2,19 28,10 25,-7 6,-14 -41,-92 -1,-25 17,-34 -19,-21
12457,1134 36,3 10,-16 -2,-42 15,-15 11,-33 -12,-4 -1,-8 -15,18 4,-34 -25,14 -4,71 -8,8 -22,-4 -13,57 7,3 19,-18
12524,1253 8,-21 22,-13 -8,-24 3,-36 12,-27 -4,-8 13,-8 4,-11 -11,8 -40,2 -29,33 6,29 -12,1 -20,24 -24,13 -11,25 -4,17 95,-4
12070,1348 22,2 20,-12 8,5 32,-30 -5,-20 7,-29 -14,-34 -16,-8 -28,23 -31,72 -19,22 -12,2 6,11 30,-4
15596,-669 -4,-11 -20,-6 -38,14 -13,19 -1,22 -19,10 -25,28 -3,48 36,-17 38,-52 35,-24 14,-31
15297,-476 -8,-7 -15,19 -7,51 -39,55 -40,18 -81,57 -32,9 8,3 0,14 39,-30 81,-38 99,-86 11,-24 -16,-41
13853,-827 -23,-14 -65,2 43,82 22,13 47,5 22,-31 -20,-36 -26,-21
12975,-287 23,-11 40,-1 19,-14 10,-26 19,-18 -5,-29 -97,53 -33,0 -4,-12 -61,21 -22,-19 -12,-2 -39,29 -23,-34 -2,28 32,35 79,4 18,-10 31,14 27,-8
12686,-309 17,-8 22,-30 -2,-16 -29,-13 -25,-6 -14,5 -33,16 -16,19 -3,25 6,6 77,2
12278,-861 -113,-29 -6,8 -18,1 -8,-11 -29,-1 -49,13 -43,2 -21,-8 -10,16 7,28 73,18 84,-34 52,12 35,-17 53,33 7,8 -16,3 9,10 13,-6 2,-18 -19,-15 4,-8 -7,-5
12001,-938 21,-13 7,-14 27,-7 22,-24 2,-15 -36,-18 -29,9 -22,23 -33,20 -56,10 -8,15 22,14 62,0 14,8 7,-8
11824,-832 37,4 10,-14 4,9 18,3 20,-37 -5,-6 -26,2 -7,-2 8,-10 -40,-2 -5,18 -19,-17 -68,-17 -45,-9 -27,9 4,48 33,16 41,-6 24,-28 16,-2 26,14 -41,25 -6,19 36,3 12,-20
11664,-861 -13,-21 8,-7 -35,-2 -38,12 22,4 -2,31 34,24 32,-14 -8,-27
11545,-816 25,-25 -37,-21 -18,-23 -9,28 -45,19 -14,21 3,5 44,-7 21,12 30,-9
10604,-167 32,-79 46,-11 -21,-33 6,-17 -67,24 -21,65 -24,10 -21,-4 -21,8 6,12 18,11 0,15 9,9 12,4 12,-20 2,20 19,3 13,-17
2262,5862 34,-1 36,-16 -19,-1 -40,-21 -36,-1 -22,-25 -15,-4 19,23 -31,10 10,13 -12,11 41,1 6,7 29,4
2161,7860 43,-2 26,-35 69,2 46,-10 -30,-6 -3,-10 56,-11 56,2 66,-14 -77,-10 -39,-20 -94,-18 -37,4 6,4 -5,7 25,12 -176,-9 -6,11 33,5 14,15 31,15 -61,14 -26,19 -25,8 3,9 -33,6 138,12
6217,8083 6,-4 -15,-17 -103,-20 -77,7 -63,-6 -36,14 10,14 33,13 76,-4 112,9 57,-6
4744,8085 101,-4 24,-9 0,-9 -65,4 -33,9 -41,-15 -116,-16 -17,12 -106,4 253,24
5028,8093 52,-2 90,-22 -74,-15 -112,-4 -25,-12 -78,-3 -13,-5 28,-3 2,-11 -40,4 -19,-10 -65,-2 -11,3 35,10 -9,3 -90,-6 -35,12 126,23 119,-1 10,4 -4,15 9,11 104,11
5027,6919 -5,-14 -13,7 -47,-26 -71,-12 -47,7 -16,23 4,23 10,8 54,16 27,0 104,-32
6045,6994 -1,-21 -80,-1 -14,15 -55,2 -48,38 32,16 26,3 140,-52
7067,7310 -75,-2 10,14 -2,14 35,12 67,2 61,-27 -1,-6 -95,-7
9268,7968 -53,0 -77,16 -31,14 110,7 163,-14 -112,-23
11339,7440 -13,-13 -48,-18 -68,7 -60,19 38,1 21,19 130,-15
14101,7400 -60,-8 -23,8 -8,18 20,8 64,1 16,-10 -9,-17
2385,3553 32,7 3,-6 -9,-5 15,-2 5,-11 41,7 76,-12 25,4 6,-23 53,19 -7,-26 -8,-3 -137,-9 -9,16 -25,7 -87,10 -2,27 10,-2 7,14 11,-12
2342,3896 10,-15 61,-16 15,-43 28,-7 2,-13 -22,0 -32,37 -39,5 -3,11 -37,25 -37,5 38,18 16,-7
3446,3559 -52,-30 -3,-9 14,-21 -35,-2 -29,-22 -35,-7 -5,-11 -56,16 -13,22 -2,13 58,10 6,21 67,-4 85,24
1907,5784 -25,-13 -3,-23 12,-8 -43,-24 -14,-18 -19,-6 14,16 -18,19 3,29 40,27 26,0 10,9 17,-8
1257,5579 -3,-13 -22,-7 -10,-12 17,-8 2,-10 -32,-10 -4,-38 -19,-4 -20,42 -37,1 -12,13 -5,27 -14,12 34,3 16,19 15,2 6,-5 0,-18 13,-3 12,20 -7,7 35,15 36,-6 -1,-27
1064,5561 18,-29 -4,-19 -15,-8 -64,11 -13,20 0,16 78,9
314,3979 31,-3 1,-6 -21,-31 -18,-9 -27,9 -10,15 -20,-6 -13,9 53,34 30,5 -6,-17
-12056,-7376 29,-23 -72,-17 -6,-10 5,-7 -129,-7 -65,10 -2,6 20,2 -12,12 25,13 -36,13 -36,0 10,10 24,7 245,-9
-12633,-7329 59,-12 47,-26 -56,-5 3,-8 80,-3 46,9 50,-14 -11,-6 35,-14 -4,-15 -125,5 -115,29 -23,8 -11,14 -63,-5 -2,13 -20,14 16,15 94,1
-6617,-8008 -73,17 -9,12 -82,24 179,-7 15,-12 29,-3 8,-18 -67,-13
-5785,-6405 37,9 -4,-5 27,-9 3,-12 -20,-8 12,-7 -38,1 -2,7 -12,-1 -9,-11 -6,9 -24,-5 -9,6 28,7 -12,3 -1,11 -29,-1 16,19 45,12 5,-7 -7,-18
-6318,-6447 -10,-10 35,5 9,-5 -90,-26 -53,13 10,12 49,16 0,8 20,8 25,-6 -4,-6 9,-9
-7371,-7064 16,-8 -14,-7 -81,-18 -167,-16 -20,1 -14,13 26,13 112,11 18,16 36,-20 19,21 28,-7 8,10 33,-9
-7499,-6973 53,-19 -21,-21 -60,-2 -53,11 12,16 69,15
-9809,-7191 -8,-21 25,0 11,20 23,4 11,-12 -11,-10 23,-9 26,25 22,9 74,-5 -17,-15 -68,-17 26,-4 111,19 8,-18 -5,-16 -50,-4 3,-13 -236,3 -178,28 -183,9 -29,10 18,9 191,16 13,-1 31,-20 22,10 48,1 47,17 42,-6 10,-9
-7435,-7310 -32,-18 30,-18 -20,-15 -133,28 -20,18 20,9 39,-5 24,6 3,4 -49,13 35,6 104,-10 12,-8 -13,-10
-6799,-6747 -19,-9 -15,3 -25,-20 -24,-2 -32,23 72,67 59,23 12,-1 3,-8 -25,-13 -4,-19 28,-12 -55,-22 25,-10
-18000,7154 89,6 67,-6 94,-32 -32,-15 -134,-13 -84,5;17988,7098 -109,-16 -16,23 26,18 99,29
-5885,-5127 42,-5 5,-5 -14,-5 1,-6 24,-9 1,15 34,2 11,-12 -15,-6 17,-6 -5,-7 -84,-23 3,-16 -55,8 13,-15 -27,-3 -6,-11 -13,7 -12,10 8,22 51,23 -4,20 25,22
-3710,-5407 40,-4 9,-8 -4,-7 20,-5 12,6 26,-30 18,-1 -2,-15 11,-5 -28,-11 -43,36 -23,4 -15,13 -74,17 -6,9 7,4 -40,3 64,3 28,-9
-7377,-4335 -35,-1 -27,13 18,35 4,61 13,47 51,-10 11,-29 -11,-12 6,-16 -32,-12 35,-35 -10,-13 -21,-9 -2,-19
-6029,-5146 90,10 12,-7 -65,-54 -32,-2 -11,-15 -16,-5 -45,13 72,29 -34,6 34,7 -27,15 -6,13 28,-10
-7448,-4915 -4,-47 6,-7 -13,-32 -17,0 -12,28 16,31 -24,-11 -7,-31 -52,5 3,17 18,-1 3,14 -16,13 14,9 24,0 0,8 -12,4 26,19 -3,14 8,9 35,-4 7,-38
-7299,-4478 -24,-8 -17,9 -5,13 17,15 2,14 48,-16 -21,-27
-6180,4909 -42,-1 -82,15 -53,17 -21,20 -71,29 36,5 127,-23 104,-43 12,-14 -10,-5
-6111,4594 25,4 -18,-10 7,-4 -12,-9 3,-5 32,5 28,22 -27,-1 43,35 7,-11 36,-4 -7,-14 11,-6 -56,-31 -28,-6 -62,-2 -16,15 -4,22 8,23 54,63 38,21 8,-1 8,-26 -16,-47 -62,-33
-17146,6364 59,-5 44,11 87,-33 84,-6 -13,-14 -52,0 -31,-21 -18,18 -99,30 -78,-9 -19,13 7,22 29,-6
-16614,6038 41,-7 2,-24 12,-16 -51,-6 -5,-9 -99,25 -30,20 61,1 5,8 31,8 33,0
-16348,5498 10,-17 30,-14 -28,7 -22,-11 -49,-1 -52,-22 -23,2 -9,12 43,37 67,14 33,-7
-7726,1846 91,-31 14,-24 -31,-4 -33,10 -10,-12 -17,3 -8,-17 -16,12 -41,5 -27,29 -26,5 -2,13 10,10 35,7 61,-6
-6613,1845 50,-7 1,-14 -35,-26 -123,1 3,23 -9,14 10,14 103,-5
-15290,5782 1,-5 46,6 -5,-13 27,-12 -20,-12 -53,4 -6,-3 22,-2 10,-11 -105,-29 9,-9 -33,-19 -10,5 28,17 -31,3 6,10 -21,2 -13,-4 14,-1 6,-8 -16,-9 -37,42 17,22 42,9 43,-35 -15,34 15,2 -22,13 7,7 15,1 20,-14 27,7 5,11 -6,5 7,1 31,-7 -5,-8
-15242,5836 10,5 35,-10 -14,-15 -16,9 -4,-12 -23,-3 -3,7 -36,-18 -45,10 41,21 20,-2 -7,14 23,2 19,-8
-13098,5549 -21,-28 -23,7 -3,13 -31,-24 -8,19 19,23 2,24 36,13 27,-23 2,-24
-13357,5634 37,-2 12,-13 -2,-10 50,-20 43,-41 -34,11 -12,-12 21,1 26,-16 -5,-10 23,-1 -4,-48 -17,1 -15,17 -21,4 -7,19 -8,-1 0,-10 -8,2 -34,28 16,6 -12,11 5,9 -27,2 -38,18 27,1 17,12 -13,12 -37,-8 21,19 -7,7 3,12
-13337,5700 37,-7 4,-25 -7,-6 -30,21 18,-30 -33,-8 -15,3 -5,32 -30,21 11,6 50,-7
-13497,5735 34,-59 -5,-54 -30,30 11,15 -15,-1 -14,6 0,10 -17,0 13,21 -14,5 -11,17 -21,-22 -15,-2 4,9 -5,18 37,25 48,-18
-13468,5816 44,-2 42,-51 -39,41 -10,0 4,-16 33,-30 -3,-13 6,-8 -52,-31 -18,8 12,34 -17,16 -12,44 -15,25 25,-17
-13573,5824 14,-9 -10,-11 8,-5 26,13 39,-10 -1,-20 -37,-5 36,-5 11,-13 -6,-11 -63,19 -13,-25 -22,3 -17,22 -49,30 25,25 18,-12 5,10 36,4
-12855,5294 4,-42 -17,-23 -7,47 -15,-9 -29,32 16,29 40,-17 8,-17
-13266,5413 10,-6 26,3 13,-14 0,-11 -36,-20 34,3 6,35 46,11 -22,-43 -12,-45 -51,-7 -23,12 9,6 23,-3 -42,17 -20,27 -5,23 5,15 39,-3
-13175,5320 10,-10 2,-18 -34,-4 52,-18 -14,-12 16,-16 17,0 -6,-12 18,-1 2,-7 -10,-7 -95,63 -9,13 12,9 -41,14 80,6
-6381,4647 13,9 55,-14 97,7 14,-7 -51,-22 -1,-17 6,-3 -5,-2 -27,-1 -22,10 13,5 -17,10 8,10 -29,-12 12,-1 -6,-3 -43,7 -16,14 4,3 -35,2 -3,18 -25,4 3,13 37,29 1,-15 -11,-13 28,-31
-7251,4099 -7,-7 6,-1 23,11 39,4 -129,-41 -71,-8 8,9 -19,-8 -2,6 46,28 94,7 36,16 -24,-16
15192,-430 20,9 29,-13 -6,-48 -9,-13 -25,-5 -3,-7 16,-29 -6,-10 -21,-11 -35,2 -29,-37 -76,-34 -82,-3 -27,21 -28,-4 -76,45 9,20 57,-2 36,-9 47,6 13,7 13,44 8,-6 -10,-24 11,-21 34,6 22,-5 21,9 38,46 34,8 -12,58 4,10 33,-10
12730,-842 -39,-30 -42,-19 -108,-37 -41,-28 -57,-59 -57,-19 -25,7 11,19 -13,11 12,35 27,25 91,40 29,32 63,16 81,3 35,14 33,-10
14504,-4079 24,2 104,-39 40,8 13,-9 1,11 13,7 47,-1 16,16 25,-3 10,9 25,-7 7,-10 5,-127 -5,-4 -11,20 4,9 -20,-29 -11,-40 7,-50 -19,-6 -14,20 12,2 3,7 -23,8 -3,-15 -9,-3 -15,24 4,-17 -10,-26 -7,-4 -17,10 8,-12 -21,-33 -32,10 -51,-4 -5,17 22,6 -34,3 -38,36 -22,39 -7,31 27,-26 5,14 -19,20 -10,-5 1,18 -47,63 -12,41 7,31 32,-12
9653,8108 23,-12 111,-20 -1,-6 -75,-9 -8,-7 39,-22 -25,-8 -261,-11 -91,-12 -201,26 -11,9 130,26 43,17 -65,2 75,22 148,11 32,13 64,1 73,-20
9767,8016 35,-14 -39,-17 -4,-7 6,-2 41,14 29,-2 25,17 69,-3 77,-24 -28,-15 -10,-31 -64,-3 78,-19 8,-9 3,-5 -49,-13 -154,-2 -109,18 -111,2 -17,9 -51,-5 -37,8 -43,27 -115,10 192,60 29,-7 22,8 217,5
10288,7925 -47,-41 54,22 85,9 29,-14 36,-5 0,-8 69,-6 17,-15 0,-17 -57,-16 -174,-8 -20,-7 -160,0 -112,-22 -79,7 73,30 40,41 53,4 -9,14 17,9 2,10 49,13 5,10 24,2 18,-11 24,0 -7,11 22,6 64,-10 6,-3 -22,-5
14005,7583 34,-3 16,-14 27,-3 12,7 5,26 50,18 118,-28 52,-5 50,5 167,-33 -56,-11 -7,-5 16,-10 -87,-23 -85,8 -35,15 -12,18 4,9 24,9 -4,8 -63,-2 -22,-3 11,-27 42,-26 51,-16 -66,-15 -48,17 -172,-14 -59,11 -35,-27 -23,-3 -101,14 -109,44 -2,13 31,-2 -8,20 6,20 44,1 -21,15 12,8 120,21 123,-37
14219,7390 115,-33 12,-11 -1,-23 -185,8 -94,14 -74,-9 -23,6 69,6 70,39 111,3
14680,7537 70,7 93,-3 8,-2 -4,-12 12,-3 152,-2 42,-12 29,6 -24,-24 -74,-13 -154,1 -215,40 29,36 31,-5 5,-14
17327,-3493 18,9 2,-11 63,-19 4,-16 18,5 22,-33 4,-21 -19,-1 41,-51 -5,-18 7,-12 -10,-23 58,-15 8,-22 16,1 -5,51 -11,13 8,8 22,-27 9,2 22,-71 13,-10 -8,-6 7,-4 116,-35 29,9 17,19 28,16 26,-2 26,-12 -14,-27 -12,-59 -29,-17 -7,-52 -12,13 -27,4 -44,-15 -13,-15 -1,-19 17,-11 -27,-49 -86,-105 -67,-40 -14,19 -29,0 -1,20 -11,-10 -12,3 52,67 10,33 -5,9 -20,25 -108,44 -17,19 8,18 73,30 15,61 12,21 -4,12 13,10 -20,35 4,11 -18,24 7,1 7,-13 20,13 -15,15 -31,0 -28,45 21,-11 6,9 -10,13 3,14 -12,8 -2,-9 -22,13 -11,21 0,-11 25,-31 -7,-6 -69,85 22,22 -25,-18 -26,29 7,19 -48,56 33,3 -7,-11 30,-39
17312,-4128 11,-1 72,37 -15,-35 22,20 -2,8 30,-3 -26,-22 33,14 -7,-16 -23,-17 9,-13 -7,-11 19,-7 -73,-78 -33,-46 -60,-29 12,-8 -21,-12 16,3 12,-18 26,-6 0,-20 -57,4 8,7 -10,4 -18,-14 -26,17 14,-20 -94,-36 7,-4 -16,-61 -15,0 13,-7 -2,-6 -17,-18 -24,-46 8,-19 -45,-12 -64,-56 -59,-8 -33,6 -39,-4 -15,22 -39,2 -30,22 -17,-9 -54,1 -12,10 21,17 -19,-9 -8,1 7,15 -23,-7 2,15 49,10 -20,6 19,12 -26,-1 5,13 14,0 -5,10 29,-10 -4,9 11,3 -20,7 0,10 10,7 13,-3 -9,8 24,17 5,-13 0,16 24,16 9,4 12,-7 -5,17 51,42 70,22 11,-5 -1,13 66,24 0,8 8,1 -5,2 38,27 16,-2 -10,7 16,7 15,-5 -9,8 15,5 6,-7 1,10 23,21 7,-14 -1,16 28,24 -6,6 24,60 24,8 22,18 19,59 13,19 37,24 30,0 -21,-2 -3,-13 7,-10 22,-8 13,-43
12601,932 18,-4 0,-15 12,-18 1,-10 -18,-25 23,-12 9,-28 -2,-37 13,-15 1,-43 -14,-24 -25,-16 0,-54 -37,102 -13,-7 -31,-57 21,-22 8,-49 -32,-38 -11,16 -1,31 -20,-20 -10,1 -72,35 -13,17 -9,59 22,41 -24,27 -30,15 -18,-1 -10,-40 -21,12 -8,17 -11,-15 -15,-2 -5,19 -17,4 -14,-12 -34,-69 -11,-2 -13,14 15,29 8,45 11,13 15,11 52,11 18,32 25,9 10,13 24,-8 17,-19 3,-24 -8,-14 40,18 20,37 22,-8 11,4 14,41 27,-10 7,16 29,-2 4,13 -13,53 6,9 41,-25 13,-19
12110,1862 75,-33 19,4 11,16 12,-3 5,-14 -14,-26 -3,-40 26,-48 11,-6 -38,-93 -54,-26 1,-26 -22,-35 30,-55 -6,-19 14,-41 14,-15 30,-9 8,7 -9,15 29,17 14,0 31,-13 16,-44 13,0 7,9 -4,14 6,8 49,-22 0,-12 -26,-7 27,-38 -3,-16 35,-7 -8,-47 -18,12 7,23 -32,-1 -32,13 -15,40 -30,18 -27,29 -12,-2 4,-23 16,-26 1,-15 -8,-6 -22,33 -60,42 -28,-10 -16,-19 -24,3 -26,21 -11,1 -9,-9 -2,38 30,30 2,16 -35,23 0,-40 -15,-3 -19,34 -17,6 -20,102 -11,14 0,24 6,8 33,-28 21,6 -7,54 11,31 2,42 -7,26 24,87 50,11
13347,-73 50,-1 14,-11 -4,-15 19,-36 -15,-36 8,-59 27,-52 2,25 15,4 7,-39 14,2 5,-30 20,-14 40,1 37,34 15,27 23,15 15,31 68,16 10,8 -5,19 79,36 188,-87 83,-10 13,-16 43,-2 137,-57 96,-23 56,-37 41,-3 61,-52 25,-3 43,-44 -2,-58 128,-52 39,-5 38,-34 1,-39 -69,-2 -17,-16 31,-58 47,-42 40,-22 12,-45 20,-15 13,-35 62,2 6,-47 75,-19 -25,-12 11,-20 49,-18 49,-5 -21,-10 -19,3 4,-12 16,-9 -33,-13 -30,7 -27,23 -198,28 -22,16 -14,24 -39,28 -9,14 3,19 -11,-3 -22,14 -60,87 -105,28 -12,17 -35,6 -8,-11 -29,-8 -24,9 -25,21 29,-49 -10,1 5,-8 -6,-1 -31,3 9,-20 -51,-11 -58,-1 -17,15 -14,-3 12,0 14,-17 33,3 31,-13 27,-29 -1,-20 -72,-37 -42,16 -61,-4 -22,6 -27,-7 -35,25 -78,77 12,28 -18,-18 -56,-9 -13,21 -32,-28 -7,12 23,55 -34,34 43,6 -34,5 -24,20 27,8 -43,52 -14,39 8,11 -18,3 14,13 -25,-3 -3,24 -78,52 -8,-4 -58,17 -64,29 -79,8 -44,25 -7,12 3,13 18,1 -62,-1 -12,15 -18,-2 -29,34 2,23 14,20 -14,-4 -5,-27 -13,-5 -12,-49 -15,-16 -28,-3 -22,39 12,15 -12,26 -40,32 -34,11 -4,7 26,11 49,-11 31,30 16,5 51,-18 5,17 16,6 -1,9 -11,1 13,19 -96,-17 -65,3 -29,25 -9,43 -63,17 -30,-3 19,25 7,31 54,16 33,25 38,10 35,-7 61,-31
12489,100 -46,-53 -68,-16 -48,2 -27,16 -199,-5 -43,9 -23,-8 -16,-18 -18,-47 5,-35 18,-32 28,-17 15,-33 37,-4 11,7 43,51 16,-10 23,0 31,17 61,1 -6,9 34,9 21,-8 5,-13 -5,-22 -15,0 -18,13 -15,-3 -65,-65 -39,-14 -21,-21 -29,2 22,-27 19,-9 31,-51 21,-16 11,-29 -8,-8 -7,-34 33,-26 11,-20 16,1 2,-32 -15,5 0,-7 -60,-13 -8,-29 -45,7 -10,18 13,49 -31,17 -42,40 16,35 0,42 -17,10 -23,-2 -39,-28 18,-76 -8,-38 6,-53 -14,-53 15,-44 -48,1 -23,-11 -16,8 -20,29 23,80 3,49 -14,30 -1,22 -55,3 -9,20 3,35 -8,21 31,24 8,34 15,21 -1,52 20,50 20,23 13,-18 -12,77 12,7 -3,26 46,73 15,-12 18,0 27,40 21,8 33,-9 18,-17 85,-5 40,-17 23,9 78,-10 43,18 71,68 17,-6 7,-14 -34,-50
10737,-601 30,-21 66,-7 35,-50 62,-8 20,6 93,-14 41,53 13,-2 21,-25 36,4 55,-24 45,-4 11,-29 14,-8 0,-25 22,-11 49,-6 57,9 34,-16 -2,-62 20,-27 -1,-9 -133,48 -57,-12 -117,11 -90,15 -76,32 -57,12 -54,4 -29,-13 -23,2 -93,31 -84,10 -3,13 10,19 -58,19 -68,2 1,11 10,7 11,-12 18,31 13,1 8,34 20,21 76,-19 18,9 4,11 32,-11
9649,523 35,4 71,-6 36,-33 9,-22 25,-24 6,-33 142,-91 80,-99 36,-24 -6,29 22,2 25,-25 18,-32 31,-7 31,-26 14,-37 15,-15 56,-18 12,-17 -6,-7 -46,-20 34,6 45,23 33,-22 12,-24 -36,-24 -2,-17 10,-11 -7,-11 9,-17 19,-14 66,-18 13,-75 34,-27 -2,-14 -18,-20 0,-16 32,22 43,-1 18,-11 46,-62 2,-11 -22,-39 9,-22 -10,-33 6,-85 -14,-81 -13,2 -27,25 -27,-20 -44,23 4,-37 -8,-2 -77,83 -129,93 -41,55 -55,43 -69,92 -3,31 -37,64 -18,47 -45,52 -19,36 -51,30 -36,115 -20,37 -90,49 -11,49 -20,13 -42,60 -17,13 -36,11 -101,104 -22,42 7,31 46,-1 39,-29 36,-6
11681,669 -2,-8 12,5 22,31 10,-3 6,-26 32,-17 8,-16 -8,-15 1,-26 -12,-6 50,17 12,-19 -18,-7 3,-8 38,10 16,-8 8,-14 67,-22 -1,-17 -12,-10 -46,-14 -41,3 -8,-16 38,-33 -1,-12 -54,-13 -31,9 -20,-21 -4,-5 32,-39 -15,-5 -12,9 -6,-10 -39,-1 28,-19 1,-24 26,-13 3,-11 -7,-2 13,-4 -6,-6 14,-8 28,-43 -2,-10 -25,-19 29,-33 91,-72 -10,-9 -36,-8 -34,6 -28,23 5,-21 -22,-16 -22,-49 -6,-56 10,-45 -32,-16 -33,-29 -11,4 -6,14 1,-29 -47,-46 14,0 0,-26 -10,-9 21,-7 2,-20 -2,-10 -21,-4 -1,-5 7,2 -5,-32 -18,-8 11,-15 -30,-46 -126,-58 -7,6 -10,73 -8,-10 -11,4 0,20 -11,-12 -15,8 -12,-11 -25,-7 -8,4 -2,22 -27,-5 -30,32 -7,-26 -21,-13 -16,-8 -32,8 -42,-23 -4,49 -12,17 -8,-8 -25,4 -44,-14 -10,7 7,9 -20,-11 -13,13 -31,-8 -16,97 -14,14 8,33 -6,25 -30,34 -39,9 -2,12 10,9 -24,19 -1,19 14,29 -31,33 -4,43 5,34 17,12 -12,-1 7,26 30,42 25,11 23,-27 49,-4 87,-32 -16,9 -2,14 11,11 12,40 -6,24 3,6 20,-6 7,36 148,42 93,108 9,33 42,9 56,36 6,0 -2,-12 40,7 15,22 -11,6 -5,16 18,19 14,-7 14,8 26,52 36,39 25,46 8,-3 -2,-26
6777,7624 -641,-92 -64,-25 -44,-6 22,-11 -42,-14 -33,-1 2,-9 -10,-5 -43,8 -20,-20 -51,1 13,-21 -4,-6 -18,-10 -67,-12 10,-16 -11,-8 -45,7 23,-18 -57,-29 -34,-6 -162,14 -71,-10 -17,13 7,6 -44,23 88,19 70,46 80,8 -48,6 -8,7 92,33 -50,4 -18,9 10,8 65,-7 31,14 -4,11 77,-1 17,17 31,8 -3,7 82,20 116,12 24,12 66,-3 11,5 -2,11 17,5 177,-4 149,14 130,20 30,17 77,17 82,9 84,-8 45,-22 -4,-14 -74,-29 -39,-4
5532,7331 111,-11 -24,-17 -7,-22 -40,-4 -10,-17 -22,-5 -4,-14 16,-19 -22,-28 115,-83 117,-38 -47,-14 -76,14 -13,-2 30,-12 -12,-3 -30,10 -34,-4 -11,7 -64,-2 -40,7 -5,-6 -88,13 -34,6 23,4 -2,14 57,7 -54,21 -21,1 -9,6 9,13 -160,-4 -22,8 -15,21 0,15 14,14 31,8 36,-2 37,17 30,37 -37,10 36,13 46,2 -12,5 -6,13 6,8 156,21 51,-8
14276,5439 22,-25 -6,-35 34,-57 7,-26 -1,-35 -15,-26 2,-40 13,-37 14,-11 36,-119 52,-110 35,-31 2,-23 -9,18 -57,43 -32,6 -63,-11 -53,-113 -1,-33 19,-29 19,-13 28,-53 26,-4 10,-39 -15,-33 -15,53 -70,14 -18,-14 -32,-64 -12,9 -13,44 21,69 -7,45 21,42 -5,28 -27,46 28,82 1,65 -8,41 14,37 0,22 -12,21 -37,31 9,5 -14,14 -1,34 19,52 -2,55 31,16 18,-9 21,4 5,9 -7,5 17,8 3,22 -37,39 21,0 14,14 7,-3
14382,4412 90,-19 65,40 -24,-46 1,-21 20,-36 49,9 -33,-21 -58,-18 -72,-3 -23,-9 -54,-46 -19,-42 -139,58 -44,-3 -42,-21 -28,22 -23,0 -13,-12 -2,-15 20,-16 20,-1 42,-31 -15,-7 -34,8 -27,-30 -24,-10 -11,5 -4,11 11,33 -5,16 -23,21 3,30 57,37 6,10 -10,25 75,-12 24,10 2,36 25,38 11,46 2,24 -20,44 9,24 27,11 94,-84 94,-55
14123,4137 22,3 -2,-68 37,-43 19,-50 -1,-36 -8,-32 -24,-13 -11,-22 -8,-36 -36,-6 -15,-19 4,-104 -27,-38 -16,-50 30,-51 -23,-6 -18,-15 -10,-33 -44,-28 -12,6 3,34 27,29 -11,8 -16,-1 -18,-25 9,-16 -6,-10 -21,15 -22,-2 -12,-13 -4,-31 -19,-21 -14,7 4,27 10,5 -18,10 -14,-3 -39,-49 -65,6 -48,-8 23,12 -2,7 -24,0 -7,7 -5,-13 -1,32 -10,2 -11,-7 -16,-30 35,-25 -3,-11 -52,-14 -41,-62 -23,-7 -24,6 -32,46 -3,28 21,13 11,20 -38,1 -30,14 -49,-6 -28,-18 -83,-23 -48,-5 -24,10 -11,-3 -17,-48 -40,21 -51,-10 -16,7 -15,-4 -3,28 11,13 35,2 91,61 44,40 22,9 35,5 11,-10 60,5 120,24 9,-3 -4,-13 10,-6 35,-3 22,11 19,16 -8,22 6,13 63,62 2,46 12,18 48,14 2,-8 -44,-32 9,-9 3,-19 23,-9 26,20 81,27 31,25 25,37 52,30 12,36 28,38 26,74 -6,24 -26,6 17,10 10,24 -9,27 5,14 31,18 11,38 24,-3 12,-37 19,11 18,-6 10,11 3,22 -45,-7 0,11 14,25 29,-13
13436,3426 28,-3 4,-38 6,-3 -36,-21 -20,-36 -22,20 -33,6 -34,-15 -31,-52 -18,-9 -16,1 7,14 -22,2 -6,14 8,23 -11,4 1,10 -38,-9 61,35 15,30 15,11 25,-17 39,9 2,22 35,11 41,-9
13118,3360 19,-3 21,8 11,-5 2,-10 -17,-23 36,-2 -5,-13 16,-20 -35,-45 -32,-107 -27,4 3,-18 -41,-25 10,26 -9,31 9,4 -1,9 -13,1 -9,-16 -2,-16 10,-13 -5,-9 -39,11 -5,12 14,4 3,15 -13,17 0,32 21,13 24,40 -14,4 5,17 -17,26 -14,9 -11,-8 5,-25 15,0 1,-15 -29,7 -28,-20 6,16 -14,15 -1,18 15,-17 16,-4 -9,17 -32,22 3,10 23,-2 -1,12 54,19 12,21 23,9 23,-6 23,-27
12101,2262 -11,-24 -6,-46 -10,4 -16,40 -26,19 -24,54 5,56 91,138 55,25 34,-31 -11,-15 1,-29 -22,-48 -21,-88 -39,-55
11089,1999 12,-33 -19,-10 -18,-27 -19,-54 -40,-25 -3,-8 -20,-2 -12,-14 -18,-4 -82,32 -3,76 61,46 -10,1 8,11 95,18 38,-8 6,16 24,-15
7998,981 27,-1 46,-43 49,-71 3,-15 14,-8 6,-31 44,-83 -1,-39 -22,-47 -33,-23 -58,-22 -46,3 -17,14 -24,68 -15,135 4,11 0,-24 6,0 12,85 17,31 -2,37 35,-10 -17,13 -21,4 -10,9 3,7
4954,-1243 40,-64 24,-97 6,-69 20,-42 4,-24 -7,-24 -22,-33 -17,16 -13,34 -23,-6 5,-56 12,-18 1,-23 -11,-21 4,-11 -17,-12 -15,-31 3,-66 -12,-44 -145,-412 -35,-141 -38,-92 -14,-19 -31,-17 -57,-8 -65,-33 -40,2 -30,21 -46,10 -32,23 -12,36 -24,34 3,88 -13,34 -17,19 -14,51 3,45 21,57 30,18 60,126 5,49 -21,36 -1,33 -19,45 -6,90 44,69 6,48 43,5 31,22 12,-9 26,5 10,18 46,7 24,-19 4,3 -11,19 14,20 47,29 9,-23 7,2 -1,28 26,38 11,6 2,-30 29,37 20,-3 -16,12 -4,18 22,41 -11,15 6,15 10,6 22,-12 54,45 12,43 -13,37 14,3 28,36 33,-35
5018,4486 -8,-3 -10,11 2,10 9,4 -7,-13 14,-9
5031,4497 -6,5 10,6 -4,-11
-15905,-7981 -125,-4 -157,15 -184,26 -51,12 -6,7 16,26 86,27 87,-4 271,-64 63,-29 5,-5 -5,-7
-7034,-7968 -108,4 -27,7 -9,13 11,19 21,12 92,25 306,52 44,4 31,-6 -252,-83 -44,-23 6,-8 -10,-10 -61,-6
-4522,-7881 150,-1 18,-8 58,-58 2,-10 -13,-31 -20,-9 -47,-2 28,-12 -7,-7 -566,-45 -58,-14 -439,-9 -19,11 0,19 30,8 66,38 34,-6 59,10 16,-7 112,32 84,34 5,5 -9,9 -35,6 21,18 2,15 26,12 -14,5 24,22 106,51 225,27 84,-5 139,-20 79,-26 -4,-24 -10,-7 -126,-9 -14,-10 13,-2
-5973,-8034 -10,-39 -75,-22 -209,12 -27,6 -20,17 -92,-5 -21,-10 -250,46 39,7 40,-17 435,5 43,8 -40,5 -10,7 2,12 38,2 5,2 -9,9 76,15 71,-4 17,-9 -9,-23 47,-10 -21,-1 -20,-13
-7005,-6919 -3,-12 37,-1 29,-26 33,-51 54,-49 10,-24 14,-9 7,-91 -30,-34 -61,-27 -6,-10 -133,-14 -38,6 -145,-6 -41,9 -31,17 35,13 187,-9 66,14 -32,7 -88,-12 -25,3 -24,13 87,9 21,12 -100,9 -44,18 -67,-28 -85,7 24,-17 -46,-15 -43,11 -36,0 -59,23 4,18 24,9 71,-8 -4,18 12,6 83,-18 10,5 -24,13 15,8 85,-7 41,5 -79,15 -6,6 35,6 99,-7 53,16 81,3 51,-18 5,16 -5,9 -105,9 -27,13 13,12 73,18 71,-4 -71,24 -79,-4 -61,15 -15,14 16,39 -2,10 -40,24 8,18 19,6 145,15 31,-17 6,-23
-6917,-5267 38,9 16,-7 39,-43 -19,2 -9,-12 3,-8 33,-5 15,-25 72,-49 105,-48 49,-12 57,-3 -17,-20 -12,-3 -104,-12 -42,11 -129,10 -86,-9 -41,5 -23,15 -31,-11 -25,7 -22,-6 -94,19 -46,2 -3,7 13,10 23,-7 18,10 31,-4 28,11 10,-2 0,-14 39,-4 -55,42 -1,23 22,6 -5,9 17,10 15,-36 -25,-1 10,-14 28,-14 1,-7 25,-3 25,7 38,-13 5,-13 26,14 -94,32 -16,22 6,17 74,24 -4,11 -37,3 -45,-7 -25,20 7,18 26,9 -25,19 19,3 25,-10 44,33 33,-18
-8184,2316 58,0 12,-11 49,5 28,-16 55,-5 -3,-6 58,-42 58,-4 105,-57 14,-1 -8,10 8,-2 36,-23 -23,-3 12,-13 15,11 26,-19 -3,-7 14,3 66,-23 35,-2 12,-12 -6,-9 6,-6 -14,-3 2,-10 84,-6 37,-27 34,-9 1,-12 -9,-9 -38,-2 -49,-16 -3,11 -14,-12 -87,10 -156,-13 17,22 45,33 -13,23 -89,12 -37,29 -9,36 -15,18 -63,-1 -87,29 -25,25 -2,-6 -54,1 -15,20 -9,-16 -57,10 -23,18 37,11 1,9 -14,8 -90,2 -64,-47 -52,-5 -13,-23 -47,-16 0,15 -34,-10 -4,6 55,18 -3,31 32,29 78,30 116,22 26,-3
2090,8025 65,-1 74,-19 15,14 1,21 56,7 31,-5 -21,-23 58,2 71,15 144,-19 102,-1 29,-10 5,-15 -120,-29 -36,-22 -89,-4 -80,-17 -104,4 -21,10 17,8 -201,-1 -96,13 -22,6 7,3 74,1 29,12 -184,-1 -61,12 -8,7 61,11 -94,10 86,5 56,-7 20,4 -18,2 -18,15 57,-10 6,10 -20,13 75,-6 54,-15
1679,7991 43,3 61,-14 13,-10 -27,-17 5,-5 -7,-9 73,22 42,-18 -1,-13 -13,-4 41,-10 66,-1 14,-9 27,9 45,-4 16,-5 -27,-8 89,-24 -171,-13 -53,-23 -19,-20 4,-10 -56,-5 -8,-35 -13,-16 -38,-2 -70,-45 10,-8 -27,-16 8,-15 -36,-8 -115,31 -42,19 -76,15 -32,17 -5,11 38,7 31,-5 23,16 211,11 -12,10 -282,-13 -30,8 -11,18 26,6 37,-9 -6,7 145,16 -4,7 12,3 122,4 17,5 -36,-2 -36,10 33,16 -84,-17 -52,-2 -16,12 12,18 -36,-14 -33,9 -22,-5 5,-9 -9,-9 21,-8 -53,-14 -96,-3 -89,35 -40,8 -11,10 11,6 -49,12 103,0 -42,8 -9,12 19,12 -10,2 -40,-1 4,-7 -10,-6 -31,-2 -47,39 7,12 -13,12 19,4 28,-8 55,10 59,-11 -7,9 6,2 47,-4 94,8 23,-4 -14,-11 -74,-3 -48,-11 77,1 5,-10 58,-14 10,4 -2,21 55,21 46,-13 71,-50 58,-19 -47,54 -4,19 27,17 -1,13 16,4 54,-14
963,4088 17,-38 -16,-23 7,-25 -15,-85 -50,7 -9,-28 -32,-3 -23,28 -2,27 15,36 -14,8 6,37 -28,36 1,22 50,3 53,36 38,-24 -6,-9 8,-5
948,4281 8,-65 -37,-77 -38,20 8,11 -17,6 2,17 -12,0 8,17 -11,6 -2,6 10,6 -10,8 24,25 33,12 18,-2 4,31 10,-4 2,-17
1558,3822 -35,-44 -13,-32 19,-40 -18,-22 0,-15 -61,11 -36,30 -23,0 -74,38 -53,11 -20,23 11,23 19,13 16,-15 26,16 19,-1 44,-20 72,7 28,12 33,-2 38,14 13,-2 -5,-5
-5273,6994 69,-13 14,-21 -21,-11 -147,-23 -60,14 52,7 -17,7 -90,7 -19,10 13,24 47,-1 -45,11 -6,8 13,13 33,6 107,-12 57,-26
-12720,5064 172,-32 65,-79 98,-41 35,-54 6,11 5,-2 8,-26 -14,2 -12,-11 -130,33 -27,15 29,23 4,18 -12,-20 -56,-8 -34,16 19,10 -19,9 -12,-3 2,15 -62,2 1,17 41,8 -40,5 -15,16 -22,6 -22,-6 -13,26 -10,-9 -12,11 -39,-3 2,16 -12,6 5,10 27,3 15,-7 -4,13 7,4 -29,3 2,-7 -33,-4 -29,20 5,9 38,7 72,-22
-7196,1972 22,2 18,16 28,-5 33,6 75,-27 24,3 22,-37 42,3 9,-6 -9,-7 -28,1 -2,-9 94,-22 30,-23 2,-13 -33,-33 -25,20 -33,3 -50,0 -41,-19 -30,-3 -17,12 -38,-7 -41,-64 -19,14 -8,23 -35,23 -82,-8 -63,10 -24,-6 -14,-15 -57,35 7,23 16,4 144,-22 44,18 -46,45 7,6 4,31 -35,17 -35,5 0,15 52,12 92,-21
-4963,-23 51,7 73,-14 -11,-36 -7,-3 0,-20 -27,-34 1,-16 -21,-12 -13,10 -6,-19 -28,9 -8,-20 -21,-8 -27,9 -44,-9 -25,55 3,11 15,3 -20,9 -1,10 14,64 40,15 62,-11
-311,5852 -10,-20 -78,-36 -4,-11 17,-3 -27,-24 73,13 132,-1 21,-9 9,-14 -81,-91 -72,-20 42,4 24,-8 -2,-7 -69,-22 -43,6 74,-14 45,8 45,-13 50,-33 42,-87 56,-20 59,-38 -13,-10 33,-41 -39,13 -39,-2 37,-3 56,-35 8,-18 -30,-25 23,-10 28,16 50,-1 60,-21 9,-28 -16,-35 -36,-15 5,-13 -9,-4 -44,-7 15,-4 -1,-12 -47,-10 47,-11 53,0 -2,-18 -35,-13 -9,-12 -76,-17 -40,6 -59,-6 -63,14 9,-8 -19,-7 -51,-3 7,-9 -8,-3 -96,12 -40,-9 -28,-39 -52,15 -53,-10 -39,-25 -31,7 -19,-6 -4,8 77,40 31,25 6,20 22,5 11,16 105,2 71,53 -86,-35 -27,2 -33,18 -35,-2 15,9 -30,8 -51,-11 -27,11 -9,14 8,7 96,33 24,26 -10,7 -2,31 -58,-11 41,33 84,20 33,-8 -7,13 10,4 15,-13 17,1 -16,4 -16,16 14,22 -10,4 0,14 13,5 5,18 -32,-1 -40,34 -2,9 12,21 43,18 -51,0 -41,-17 -29,7 -27,-9 -30,9 -9,-16 -12,7 -14,23 11,0 38,51 -21,20 2,17 6,7 23,0 -26,11 4,11 -43,-27 1,18 13,13 -32,-20 4,-17 -19,-44 -17,-6 5,29 17,18 -11,1 1,24 42,71 -46,-23 -48,18 40,14 -13,5 27,20 3,13 -26,21 24,11 -16,12 13,21 45,0 -25,19 7,17 33,2 -8,12 7,19 31,-6 22,6 6,-6 117,14 21,-2 -6,-11
-718,5506 15,2 8,10 82,4 41,-40 -16,-18 30,2 11,-16 -1,-6 -19,11 1,-17 10,-1 -5,-10 -22,-3 -19,-19 -20,4 6,-7 -19,-3 21,-41 11,-65 -19,-39 -24,-20 14,-9 -57,-9 -7,9 -4,-8 -53,-7 -53,-27 -35,6 7,-10 -7,-8 -89,-21 -54,-2 32,20 -60,-8 52,27 -49,-10 -25,3 -4,7 47,25 -48,1 3,8 23,7 36,-3 -14,15 28,15 85,13 -21,8 -18,-13 -39,2 -36,-8 40,21 22,32 37,11 -58,3 -11,9 -26,1 9,5 -30,2 4,7 -7,7 40,5 -19,6 1,7 32,7 0,8 -33,-2 5,23 -7,-1 -5,11 -11,-3 3,10 50,5 41,-10 15,8 46,-5 -8,11 39,16 10,13 -33,-3 -30,7 38,21 -1,13 12,13 52,4 -1,6 9,1 11,-14 -10,-15 18,8 -4,20 22,5 -7,6 6,1 35,-13 -21,-10 -1,-8
-18000,6898 113,-23 33,-17 -21,8 6,-11 59,-12 4,-16 26,7 -45,20 72,-24 -6,-8 29,0 195,-54 12,-23 -14,-9 37,8 15,-9 -9,-26 16,-17 1,-14 -15,-16 42,-8 11,-20 30,13 7,-9 -4,-15 28,20 -45,20 22,15 -8,16 -46,15 87,5 52,-7 -18,-16 8,-7 9,2 -2,13 67,-4 -49,11 121,-13 44,-25 85,-34 -9,-9 30,4 11,-9 -5,-3 46,-3 5,-8 -67,-13 -14,-7 -2,-20 -11,-4 -75,19 37,-26 -12,-5 -74,0 -53,17 -34,1 43,-18 -7,-5 19,0 -8,-17 -35,-3 37,-5 8,-15 -38,-14 -48,-6 27,-6 -12,-9 2,-7 41,-9 11,-11 -36,-2 -16,12 -2,-16 -24,-9 -22,7 5,19 -27,-18 -13,0 -84,36 -87,10 -41,19 -1,22 -23,24 -97,14 -43,-11 -92,-1 -12,10 3,15 -29,12 -15,17 19,-2 16,19 6,20 -34,-21 -23,4 -4,14 -20,-8 1,-13 -28,-3 -7,5 -11,-28 6,-10 36,-16 2,-12 -35,-33 -30,-12;17983,6503 -38,-21 -93,-22 -77,12 -57,29 -30,7 -54,-3 70,-5 18,-14 -15,-7 -101,17 -28,-12 -123,-16 113,10 38,12 19,-6 10,-14 -21,-11 37,9 33,-5 55,14 8,-3 -4,-30 26,-14 36,-8 18,14 25,-23 -3,-12 20,-4 4,-13 4,-17 -26,-10 18,-1 3,-16 6,-1 5,15 13,-19 41,-16 8,-11 -15,-7 31,-24 -9,-16 -30,-14 -6,-15 -110,23 -73,5 5,18 -32,0 -5,-12 19,-10 -46,-5 -37,-16 -161,-40 -21,-13 -69,-14 -20,4 -49,-31 -27,6 -5,-3 10,-13 -18,0 -15,-12 -18,-2 -1,-11 -178,-63 -26,-46 -37,10 -36,37 -39,16 -77,-1 -123,-18 -96,-55 -8,-1 -5,13 21,50 -126,-38 -2,-16 -11,-10 -52,23 -33,-17 2,8 -35,6 -29,-15 -17,-18 -5,-41 -19,-17 -14,-1 3,-13 -83,-54 -18,-37 8,-16 37,-14 -2,-6 13,18 14,5 57,-16 -4,-15 -41,-28 -2,-12 4,-43 12,-9 34,-3 8,-46 -29,-19 -21,2 -21,17 41,29 -37,-3 -18,-9 4,-14 -44,-17 -37,-59 6,-29 30,-32 2,-14 -47,-23 -34,0 -16,8 -36,-6 -70,-35 -23,-41 11,-23 -5,-17 12,-25 -44,11 -63,-19 -20,-14 -18,14 -10,-2 -4,-7 18,-9 -13,-24 1,-25 -39,-57 -135,-84 -8,26 -15,15 -15,113 -26,36 -55,233 16,87 26,63 87,59 13,18 -3,15 -16,13 8,5 58,0 22,22 60,-1 18,15 76,36 38,28 26,33 191,102 31,32 90,31 38,2 36,12 -15,11 45,31 -21,12 8,18 14,7 5,34 14,24 39,18 61,-10 0,8 21,0 -100,26 -109,-16 -31,-66 -1,-10 25,-9 -17,-13 -10,-3 -13,17 -47,-5 -162,-91 -60,-11 21,38 -59,-6 16,17 -7,16 37,36 6,24 -76,-17 -36,21 -112,-18 -60,5 -38,-12 -41,-20 -5,-21 -57,-27 -34,-32 -75,-30 -39,-28 -14,-22 -15,-5 -2,-17 -12,-13 12,-6 31,7 39,-9 20,-9 -1,-17 -46,-5 -24,8 -45,-14 -32,14 -33,-1 -9,-12 -19,-1 -26,-15 -50,10 -23,-12 -76,-3 -21,20 87,8 27,6 -9,6 -37,4 -45,24 -32,3 -21,-13 -34,4 19,6 -103,21 -58,-14 15,-14 -41,4 -9,-8 3,-8 22,0 -5,-9 -18,-2 -24,0 -23,15 -75,-14 -97,19 -27,-24 -22,-5 -29,20 -21,4 -168,0 -129,-17 -55,-24 -43,-35 -81,-35 -34,-49 -45,-12 -20,-18 -114,-54 -97,-83 -243,-120 0,-21 59,-15 95,4 -8,-82 44,2 10,21 -17,10 5,5 24,10 29,0 -33,-18 50,-15 -59,-40 70,5 30,13 13,18 15,5 4,-14 -32,-30 20,2 25,33 0,45 62,-13 47,7 39,-21 17,-24 34,-21 69,-31 2,-11 -22,-17 -34,8 42,-25 -1,-29 -12,-12 36,-25 -12,-26 -44,-30 -41,-82 -4,-25 6,-42 8,-5 -16,-17 6,-31 -20,-48 6,-16 -16,-19 -11,-35 -74,-53 -37,-51 -41,-32 -25,-52 -65,-72 -89,-65 -66,-68 -27,-12 -39,-54 -35,-30 -112,-58 -85,-25 -45,18 -41,0 1,43 -36,-21 -8,0 14,18 -21,-3 -64,-62 -45,3 12,-14 -10,-19 -27,-3 -22,-12 -48,-47 -7,-11 8,-30 -6,-44 -37,-13 -23,-24 -41,-17 -19,-19 -54,-13 -40,-22 -5,-40 -10,-1 -2,-16 39,-13 54,-40 29,-50 72,-91 8,-21 5,-32 -6,-69 16,0 -1,-10 -14,-45 -21,-32 -23,-8 -47,0 -9,-8 2,-15 -35,6 -5,9 -33,-6 -7,-7 8,-17 -9,-3 -11,15 -12,-2 8,-19 -16,-17 -15,9 8,21 -35,-32 -14,7 -23,-20 -5,18 -21,18 26,3 -6,6 12,6 -17,0 -13,33 20,35 13,7 -13,8 23,12 3,10 -10,5 4,9 -15,16 -5,52 -31,0 -2,8 33,24 29,-6 9,-13 11,12 -11,4 -13,21 5,11 -14,15 -9,27 7,6 -26,10 -25,-14 -7,13 -28,12 -41,-27 -5,12 -32,9 22,15 -52,5 19,10 0,11 19,22 48,13 -38,12 24,48 -5,24 -58,23 -14,-15 -8,18 -21,12 0,10 -24,-17 -46,4 -7,-9 -74,-19 -51,-23 -35,-32 -30,-5 -3,-14 -49,-13 -5,19 57,19 -5,11 19,17 -54,0 -1,16 25,9 0,21 28,10 46,55 -12,19 -28,15 -3,13 -10,-12 -55,5 -41,-31 -29,-36 -89,-33 -20,-15 -17,-34 -24,-23 -35,0 -33,-11 -26,16 -26,-10 -23,-44 10,-27 36,-24 79,-5 14,-9 15,-34 -10,-6 -4,-31 16,-13 34,-7 31,2 13,10 -1,10 43,27 -5,6 49,15 89,-37 32,-2 10,9 28,-13 33,0 -10,-8 2,-14 -14,-11 7,-12 -18,-12 -18,13 -23,0 -88,-35 -24,2 8,-19 -18,-3 -7,-28 -25,-8 -6,18 -15,-3 -8,-8 19,-14 -86,-68 -26,-45 3,-10 15,0 92,-48 24,-63 36,-62 -1,-36 48,-23 6,-22 35,-22 11,-17 1,-12 -19,1 -33,15 -38,1 -18,16 -27,8 -49,-17 16,-3 31,11 21,-4 8,-16 87,-50 22,-40 -46,-13 -42,-23 -18,-21 -37,4 -25,-15 30,6 13,-17 63,17 42,-32 40,-11 -57,-39 38,15 8,-14 -5,-36 -20,13 -18,-2 -9,-11 23,-18 -14,-2 12,-8 -19,-21 14,-35 -10,3 -24,-10 -5,13 -7,-2 -19,-29 -21,-3 8,-12 -24,-31 2,-17 -33,-31 -19,-43 -21,-6 -5,24 -12,-12 -12,6 29,-46 -42,-28 -32,7 19,-17 29,5 -8,-41 8,-20 -44,6 -1,-10 12,-12 -31,-2 -7,-28 -27,-9 8,-9 -6,-13 -36,-5 -21,6 -8,-15 -17,-1 4,-7 15,-2 3,-13 -22,-24 -10,0 -11,-17 -16,0 -10,-25 -8,12 -21,-13 -17,7 -5,-20 -23,-10 7,-7 -16,-10 -7,-23 -22,3 -40,-18 -21,5 -14,-13 -30,10 -35,-20 -10,1 -10,12 -10,-22 -21,6 -7,-5 7,-14 -7,-10 -37,10 11,11 -18,10 -21,25 0,27 -10,-3 -8,-16 -11,-3 22,-32 0,-37 -40,-14 -6,13 -14,-30 -14,4 -22,-17 -23,20 3,-18 -9,-6 -36,11 -7,-13 -9,0 -18,-16 -28,-7 -30,2 -2,-8 -23,-4 -20,-18 -11,2 -5,11 -3,-17 -22,-23 2,-8 18,-2 -5,-17 20,-15 -16,-23 -41,0 -5,12 8,4 -11,6 -20,41 2,21 10,21 14,4 1,10 -24,5 -17,16 2,-15 -46,-10 2,15 -33,4 -16,14 -2,13 -11,0 2,-27 -18,6 -7,-13 -44,-6 -40,-22 -6,-23 -19,-10 -48,5 7,-26 -20,-21 -3,-24 -35,-30 -19,-5 -36,-97 27,-47 61,-55 -2,-23 -13,5 148,-145 20,1 55,-75 24,-20 27,-66 21,-86 -1,-9 -4,8 2,-57 15,-32 3,-36 -12,15 -11,-10 9,-26 -10,2 5,-46 -6,5 0,-27 -7,-13 -9,-1 -5,-25 -17,-2 -55,-39 -17,-3 -10,-18 -74,-32 -17,10 -8,16 -6,-26 -22,14 -12,-7 13,-3 2,-14 -29,0 32,-18 -19,-26 -46,36 37,-40 6,-18 -19,-8 -55,44 33,-41 1,-19 -67,-31 -38,-46 -35,-3 13,15 -8,5 3,81 5,21 19,8 -6,17 -23,13 -14,-3 -40,37 -39,11 -21,-14 -7,4 -5,12 14,9 4,13 -19,26 -17,-23 -21,-1 -3,55 -52,74 -6,-9 -28,28 -3,-6 -20,20 -31,16 -28,-7 -54,3 6,78 -36,14 -58,-22 -3,-11 10,-20 -13,-35 3,-52 -36,-71 -14,-57 -33,-57 0,-59 13,-32 -4,-14 15,-6 43,8 16,-70 14,-16 3,8 12,-24 26,-104 -10,5 -6,26 -10,1 4,17 -6,5 -10,-4 0,-13 26,-41 17,-1 43,-32 48,0 30,-39 30,-23 24,-7 19,-31 67,-60 25,-59 -9,-90 9,-25 -1,-59 37,-35 16,-32 32,-78 -11,-11 -20,25 1,-16 -30,-1 -21,-12 -12,22 -63,31 -143,103 5,12 -5,24 -58,72 8,5 -18,35 0,28 -27,94 -1,39 -22,46 -42,44 2,23 -17,11 5,14 -24,1 -10,25 -8,10 -10,0 -3,17 -26,17 -9,20 -12,8 -16,-16 -12,5 -6,54 46,142 -14,-16 -4,8 -5,57 21,31 6,60 14,13 -8,6 -16,-4 6,49 -10,1 8,11 -11,81 -32,57 -1,20 -4,5 -5,-33 -4,6 -1,45 -19,49 11,0 -21,21 -10,102 -13,14 5,44 9,11 -34,-5 -18,58 -35,30 6,-37 -14,-32 -34,-21 -24,27 13,-33 -56,-27 -8,-19 -29,-26 -9,4 5,34 -17,-27 -24,-1 -5,36 -4,-15 -19,-13 4,61 -4,-17 -22,-24 -21,-8 4,50 29,79 3,26 -16,63 -26,53 8,1 -18,15 -2,40 -11,-14 -1,-25 -22,13 -22,34 9,3 25,-16 17,20 -39,34 10,13 -46,16 -9,-3 4,-14 -7,-4 -13,21 10,11 -8,1 5,19 -19,-23 -5,3 6,16 -15,22 -2,-26 -41,49 -26,38 -4,52 -19,54 4,12 -6,-5 -32,58 -26,-24 -27,-4 -32,49 -3,50 -4,-17 -29,4 32,-19 1,-14 -13,-8 8,-14 -9,-3 -3,-13 18,-39 -38,-53 -16,6 14,27 -25,-14 -4,10 -3,19 9,16 -10,-8 -7,-41 -24,-21 -9,51 2,-37 -15,-19 -18,6 -12,31 -2,-15 -8,0 10,-29 -14,0 -5,9 -11,-16 -6,15 5,28 -10,11 -6,-46 -13,-5 -16,15 -4,-14 -13,2 -6,5 14,45 -26,23 2,-12 20,-13 -21,-29 -27,-18 -58,-15 -24,-26 12,-54 -23,-39 -37,-30 -14,4 7,-6 -9,-9 -65,-21 -7,1 6,5 -6,14 -25,-13 -7,-17 19,9 7,-5 -67,-50 -66,-84 -45,-22 -46,-46 -84,-51 -8,-16 8,-16 -10,-22 -50,-23 -47,1 -31,-58 -15,1 -5,10 -13,3 -36,-19 -24,-64 13,-59 -7,-27 20,-72 -15,22 -10,-10 28,-25 -11,-67 -37,-70 -11,-42 4,-12 -10,-14 11,3 4,-7 0,-95 -53,-6 -5,-23 -32,-46 -2,-12 10,-12 39,-14 -43,8 -56,-17 -23,-21 -13,-51 -54,-30 -46,24 -51,58 -22,55 -9,48 10,-10 4,-29 8,0 -11,38 -13,10 -50,134 -52,70 -26,50 -56,193 -43,58 -15,33 13,0 -16,17 6,9 -15,5 -34,75 -19,116 -28,102 14,38 -4,13 -14,-17 -3,10 1,22 18,-2 -20,8 -12,47 23,84 -9,45 -12,6 -6,19 10,10 -12,-1 50,29 -57,-5 16,27 -18,1 3,18 26,7 -63,4 12,-8 -2,-10 -24,-27 17,-9 4,-20 -23,-37 -100,-42 -30,0 -24,10 -45,34 -106,111 8,15 23,-15 90,28 33,43 -2,9 -15,-15 -22,1 -45,-19 -43,9 -42,20 -18,14 -22,38 36,28 -55,-25 -7,26 -5,-11 -25,15 -4,-7 -15,-2 -2,11 -9,-4 -25,29 -14,59 -47,10 0,37 -27,35 -21,1 -9,-10 34,-4 -169,-14 -12,-13 -60,22 -50,-5 -7,-14 -83,5 -35,-13 -11,9 -29,-9 -38,7 -12,-10 -75,18 -15,16 -11,-13 -94,17 -41,-6 -25,13 -60,4 -26,10 -14,-4 -46,14 -23,58 -7,43 -31,33 -37,7 -24,-6 -47,-16 -23,-21 -13,2 -39,-23 -26,-5 -39,19 -54,3 -25,21 -77,38 -21,30 -45,20 -44,4 -31,27 -22,60 -22,20 4,13 -20,9 -3,27 -48,50 -10,28 -51,-17 -53,30 2,7 20,1 -2,6 -23,4 4,-6 -12,-5 0,-28 -9,-8 -38,-10 -31,10 -16,-3 17,-44 -18,5 -25,-23 33,-4 13,-37 63,-108 -1,-18 44,-23 -7,-5 24,-26 13,-3 61,-49 -14,2 2,-15 19,-22 -7,-21 -12,1 21,-49 22,-20 10,-33 17,-22 8,-8 4,10 -9,51 24,58 26,17 28,-25 -5,-37 12,-48 -18,-38 -16,-6 15,-8 -11,-19 23,-5 6,5 17,-9 7,-24 28,-4 53,19 115,-9 35,10 25,11 35,53 119,98 23,42 24,14 -11,-70 6,-8 1,-55 27,-55 58,-55 111,-30 25,2 19,-12 66,-86 39,-15 0,-21 -45,-80 -48,-39 -42,-70 -26,1 4,18 -8,-1 -31,-35 -15,-56 10,-66 -63,-12 -36,-15 -16,-16 -11,-42 -17,-18 -90,-15 -22,-25 2,-27 -22,-28 -29,-8 -20,7 -50,-3 -46,-24 -103,-29 -34,-30 -7,-21 5,-30 -90,-43 -197,-59 -30,-18 -38,-41 -39,-5 -29,5 -58,-39 -62,-19 -113,-13 -27,-27 -23,-7 -12,-18 -29,-6 -13,6 -26,-15 -43,-5 -30,12 -14,-4 -26,57 5,42 -19,32 -15,93 -8,19 -20,10 4,10 9,-6 1,6 -8,32 12,38 -5,42 -9,29 -31,38 -9,32 -64,57 -43,67 -11,40 -36,67 -68,52 -35,12 -46,58 -18,34 6,21 -16,36 10,51 -3,20 -60,112 -54,47 -38,11 -36,53 9,14 -12,33 -23,35 -16,11 -8,29 -16,6 -27,49 -107,145 -46,9 -10,-7 35,149 -24,-28 -33,-125 -18,-26 -46,29 -51,52 -12,41 -41,54 -16,45 -9,-4 -11,-30 24,-31 6,-39 54,-72 35,-31 0,-29 30,-43 11,-53 61,-96 63,-122 58,-53 -24,-2 -3,-14 1,-34 18,-49 21,-21 32,-11 19,-24 41,-29 10,-51 33,-48 0,-7 -11,6 -1,-12 9,-42 -4,-44 6,-54 22,-76 45,-26 28,-31 8,4 29,-22 34,-64 39,-151 20,-39 13,-8 16,-33 7,35 18,-14 16,-32 35,-8 25,-19 38,-12 48,-64 58,-39 16,-38 12,1 28,-36 17,-5 3,9 8,-8 27,-45 6,-18 -7,-16 -54,-29 -16,-18 -12,1 2,-6 62,6 28,-22 41,-57 43,-31 66,-3 88,40 74,-9 84,42 62,-3 55,18 49,-5 105,26 36,20 17,21 15,4 47,-15 -18,-50 6,-67 -11,-22 16,4 0,7 18,-7 2,-9 -18,4 -28,-9 -11,-91 -72,-123 -25,-24 -18,-49 -43,-69 -19,-61 -107,-167 -193,-203 -113,-66 -120,-95 -174,-183 -59,-90 -50,-15 3,-17 -11,-20 -17,-15 -23,-2 -19,-13 -10,-56 -26,-33 -37,-90 -11,-15 -15,-4 -43,-140 7,-26 67,-69 -25,-50 0,-27 14,-2 1,-20 -14,-43 19,-42 -4,-8 19,-25 -2,-22 15,-43 -5,-16 67,-35 22,-31 -12,-10 11,-7 -20,-50 13,-67 -4,-49 9,-15 -3,-18 -12,-12 14,-4 3,-114 11,-9 -6,-33 13,12 6,-30 -22,-39 3,-15 -9,-21 -58,-76 -19,-7 5,-14 -60,-35 -16,-18 -94,-27 -63,-33 -57,-42 -53,-78 -15,5 -2,-14 -12,2 -27,-15 -90,-82 -30,11 11,-12 -5,-65 27,-34 15,-59 14,-25 4,-75 7,-5 7,33 9,-18 -5,-36 8,-30 -19,-75 2,-13 14,2 -10,-35 -45,-48 -164,-61 -56,-38 -20,-36 26,-27 11,19 -7,-75 -35,-137 -25,-42 -51,-32 -44,-44 -87,-133 -50,-61 -211,-173 -78,-47 -47,-19 -80,-3 -16,-11 -1,-16 -7,-3 -57,7 -17,-20 -23,0 -90,18 -43,-9 -72,7 -30,-6 -46,-30 -80,0 -46,-9 -51,-33 -38,4 -34,13 3,13 -23,14 -27,-1 -8,28 -25,-3 -4,-24 -13,28 2,13 12,5 -4,17 -44,57 -14,32 12,12 15,-4 21,25 -12,76 -86,129 -61,144 -26,37 -76,67 -43,69 -16,49 1,28 -17,19 -13,59 0,70 -34,83 -10,123 12,16 -6,36 -101,153 -28,74 -71,125 -42,46 -26,47 -6,53 10,97 -7,67 27,32 53,207 35,41 8,25 44,26 27,40 10,31 6,76 -13,42 -39,63 -33,95 5,13 1,-9 30,32 2,32 -52,114 -3,27 -31,37 -24,47 79,25 -21,2 -41,-15 -21,19 -8,18 2,30 -36,57 -4,19 -143,156 -59,49 30,-3 -44,18 -32,47 18,-6 0,6 -22,7 -22,52 28,-32 18,8 -20,4 5,18 -15,-5 -14,8 -36,71 12,-12 13,2 35,34 5,69 12,-18 33,-12 1,9 19,7 -22,-1 -23,11 -22,25 17,12 12,-9 -2,47 -21,9 42,79 1,61 13,54 -7,23 -21,23 10,8 -13,-1 -8,19 18,5 -10,12 5,9 -21,1 -5,-15 -43,17 -8,46 -26,12 3,-12 -12,-2 0,22 -14,0 -18,17 4,-36 -65,-4 -11,13 -7,-9 -18,-1 -20,17 8,-21 -24,-12 -15,33 9,-35 -23,-3 -5,14 -3,-14 -29,-3 1,12 -7,-14 -12,0 -49,36 -10,19 -11,29 10,2 -11,4 0,15 18,13 -16,-7 -19,13 26,8 -11,1 -2,9 -16,-11 -6,4 -2,13 -23,26 -43,32 -98,8 27,17 -29,-8 -9,-12 -105,-7 -98,-18 -20,-10 -16,-24 -69,-5 -106,-53 -70,-19 -50,-28 -40,17 -85,18 23,2 -15,7 -3,15 -15,-22 -77,18 -49,-7 57,-1 -86,-9 -38,7 -9,-6 31,-2 -85,-12 -163,-66 -72,24 -87,46 -115,103 -50,23 -7,16 -44,22 -44,40 -76,30 6,16 -8,12 3,8 -22,-3 -15,10 -11,33 -19,7 -12,21 1,6 18,-6 19,20 -29,-5 -3,26 15,4 -21,11 0,18 -17,25 -13,12 -12,0 0,39 -13,-4 -23,25 -38,11 -18,30 2,22 -9,-8 -10,24 -11,4 -12,-17 -8,21 4,13 -17,-11 0,13 -17,6 4,16 -13,3 5,9 36,10 -16,9 -18,-8 -9,17 8,9 21,0 13,10 -86,-18 2,15 -22,-2 -19,13 8,19 -19,-4 -35,27 35,14 -16,11 -10,-12 -7,3 -5,71 7,9 8,5 12,-18 14,-3 23,1 2,10 73,9 -71,-2 -30,-10 -33,55 15,14 -17,-4 -38,64 -18,9 -9,-8 -9,10 38,17 58,81 11,87 38,95 5,34 -6,63 -12,48 -31,36 21,15 -13,-4 16,32 7,44 -22,42 -10,6 -3,-11 -6,3 -26,46 -12,-5 -5,-23 -5,5 17,104 14,26 27,17 16,26 19,44 -4,7 42,69 -1,5 -18,-17 8,17 99,88 12,68 32,76 30,26 59,32 41,92 22,25 96,22 44,18 47,40 59,35 29,32 53,73 2,34 -23,27 7,70 13,29 33,38 10,48 74,68 161,72 55,81 43,101 64,11 -6,-16 9,-13 41,-33 21,-7 30,-5 64,12 30,-7 18,3 24,17 13,-28 93,-4 57,27 42,31 49,19 38,-3 36,33 95,36 133,8 38,18 55,2 26,10 98,0 53,-25 77,21 43,23 44,-17 31,5 -3,12 22,-3 48,-20 91,14 32,19 55,15 15,-3 -1,-17 5,11 32,-4 -1,-18 14,-17 -4,-8 12,-5 54,33 10,1 8,-20 -64,-61 10,-37 41,-26 12,-39 -43,-56 -63,-47 -1,-15 26,-33 14,-7 26,3 1,-18 18,2 6,10 30,-32 -6,-6 61,-16 47,-23 47,-6 53,12 88,-21 35,-20 67,-12 18,-23 14,-50 21,-23 41,-17 66,-5 105,-28 111,-64 35,0 30,12 42,39 14,28 -22,74 19,40 50,36 110,36 47,-2 90,-30 2,-29 18,-12 51,-5 33,-15 75,-3 15,-10 20,-35 66,9 88,-15 48,-9 72,-28 54,-5 56,-22 36,10 50,30 29,3 18,20 52,11 -36,-15 44,4 8,14 44,-14 37,8 25,-20 -25,14 -12,-19 24,-7 9,-13 18,11 -3,10 35,-23 53,10 6,-9 48,5 51,17 30,29 20,31 43,118 50,95 4,22 33,30 -9,40 5,27 -4,20 -14,15 20,43 -15,31 38,35 -1,15 -13,10 -66,-34 -69,25 -101,-64 -90,-14 -41,14 -36,35 -78,29 -59,5 -20,-60 -22,4 -54,-15 -47,16 -25,40 -15,-4 -51,13 -20,-16 -9,-2 7,12 -55,-7 -7,7 54,8 23,20 -98,-5 4,15 23,3 -1,9 -30,14 -15,27 16,7 0,25 -94,30 13,9 -5,19 7,8 15,-8 8,-22 6,8 13,-5 28,8 -23,3 -15,23 25,18 -20,7 4,16 -17,17 22,26 -79,-8 7,52 13,3 43,38 54,6 20,-14 25,1 12,5 -12,10 14,3 12,-2 -3,-12 105,2 4,3 -26,11 17,10 89,11 -49,7 -24,13 -7,7 10,21 210,-11 21,21 84,41 108,29 137,-6 25,10 16,-3 -4,-14 18,-16 26,-10 49,5 13,-25 23,-16 37,9 29,-18 131,-25 105,18 38,-13 45,-2 115,46 29,28 6,27 -34,77 -155,73 -115,82 -54,13 -33,28 -35,0 -30,27 -57,18 31,14 -22,8 15,6 35,-16 43,11 -4,19 32,43 8,5 7,-11 10,15 31,0 -41,30 -17,2 -14,23 73,2 -6,15 83,23 -7,23 -53,-13 -12,1 21,11 -18,-2 -40,-16 -64,-1 -20,-15 -29,-4 -26,-17 -23,5 -28,-10 -45,-4 -77,-52 22,18 -5,16 -17,-17 -21,-8 1,-20 16,-29 44,-38 55,5 16,8 40,-6 -18,-32 -52,-7 -19,10 -21,0 -38,-30 -37,1 -25,-9 -19,-18 -37,-15 -46,16 16,36 -6,19 -63,25 -31,-2 -10,7 116,55 -8,15 -16,-4 -23,12 -72,-10 -65,20 -5,4 21,4 2,7 -45,13 80,-8 22,14 -22,-5 -31,7 -11,14 0,20 -18,23 15,-28 -4,-28 -34,1 3,12 -16,-15 -60,-8 -14,-28 -44,-40 -59,-15 -3,-12 13,-26 -17,-50 -51,-8 4,22 -16,-1 -12,-40 8,0 -25,-27 -8,-80 -10,-11 -33,1 -20,-21 -4,-44 -41,-28 23,-12 27,-30 1,-19 21,-30 86,-33 -10,-22 -18,-4 -61,11 -67,-11 -24,-28 -49,-19 -57,-43 5,24 54,32 -68,-2 -10,16 -15,7 -76,15 -31,-13 -31,9 -40,-23 -32,3 11,-33 34,-9 13,-18 -43,21 -18,-3 24,-22 -2,-14 -29,25 -23,4 4,-19 21,-11 -29,3 -8,23 -41,18 -5,9 7,10 -29,-9 -4,-46 74,-86 -18,-8 1,16 -24,5 -8,-5 5,-9 8,-14 10,1 -50,-17 68,-21 43,-31 29,-8 9,-50 -9,-9 -43,35 -49,-13 15,-28 19,-4 10,-12 -33,-13 -22,19 -21,2 33,-69 -2,-21 12,-19 -44,34 -11,-1 -12,-33 -11,6 0,19 -30,33 -13,-4 -6,-25 -15,12 -16,22 10,31 -56,50 28,31 26,-2 17,15 102,-36 7,-1 -3,9 29,8 -76,31 -10,-8 -35,5 -50,-9 -14,17 -3,-12 -19,2 -12,26 -22,22 12,7 22,-4 1,13 -34,-2 -48,32 -30,38 -15,33 -36,17 -17,20 14,0 -12,25 12,27 -2,50 14,36 -39,16 -30,30 -26,13 2,6 -13,-1 -69,37 -79,22 18,1 50,-18 -82,54 -51,15 -40,-2 -5,14 -75,51 -7,9 35,1 -49,33 -8,11 -4,37 -31,22 -24,4 -34,-50 -11,0 -23,27 -11,37 26,15 -15,14 -16,-6 -26,6 -18,-13 -76,-19 -5,-21 30,-27 -13,-17 -11,3 -3,-11 15,-50 29,-23 87,-42 45,-88 53,-45 63,-31 100,-3 -2,-14 -24,-14 -1,-11 206,-86 50,-43 2,-12 -14,-28 -26,12 -21,34 -39,3 -30,19 -25,-4 -26,-32 -15,-39 8,-11 51,-26 6,-38 -55,-20 -8,-39 -26,-16 -22,-31 -34,0 -7,9 -1,15 18,12 8,18 -2,13 9,10 23,5 1,18 -10,8 -9,33 -33,64 -40,8 -34,17 0,23 -18,20 -43,-7 12,13 -15,8 -26,0 -32,43 -69,3 -41,20 -82,61 -17,21 -34,13 -16,-3 3,14 -46,41 -20,3 1,23 -20,31 -13,44 -90,37 -53,10 -21,-7 -55,-47 -74,-18 -54,-33 -15,-17 -46,-13 -70,16 -9,12 -25,2 -1,7 -35,-7 -49,11 -17,11 -79,-40 -22,-35 5,-25 22,-30 -14,-3 8,-32 -117,-65 -105,-23 -32,-24 18,-10 -29,-11 -93,-109 13,-46 40,-30 -72,-44 -30,-55 10,-14 -61,-7 -31,-17 -47,-61 -34,5 -34,-11 -158,0 -30,-21 -50,-9 -19,-28 -27,-11 -41,16 -23,41 -11,4 -3,9 19,18 -18,-8 -49,36 3,9 -12,-8 -51,-3 -35,-16 -76,11 -40,-9 19,40 2,30 -9,23 7,34 -7,15 21,-3 -13,10 -41,-7 -4,21 23,9 8,25 15,8 -17,-6 -18,-28 -22,-4 -12,10 10,54 23,20 31,58 -3,14 18,49 3,34 -15,56 5,5 -13,7 11,17 -10,1 -1,16 20,16 -12,1 8,13 -8,6 0,17 -22,-5 10,21 -31,18 6,19 31,16 33,1 29,10 -1,14 56,19 64,-22 121,10 133,-23 91,10 57,-15 17,8 53,-12 35,2 36,9 14,12 25,100 16,13 -7,7 -9,-9 16,86 25,-15 14,-29 14,-9 -24,47 -41,24 -1,6 18,-3 -12,57 -64,21 -30,35 7,17 -18,12 9,10 37,-4 -23,9 -53,0 -3,7 10,9 -34,4 -2,12 -28,-1 -83,22 -41,-2 -12,15 -25,7 35,13 -25,12 34,1 -48,6 0,18 149,30 23,-5 31,-25 24,11 37,0 8,-7 9,12 9,-7 44,2 -18,15 -2,40 -23,29 -5,19 60,0 12,-29 98,-9 58,15 -29,6 6,19 122,39 18,16 -1,49 19,19 68,14 98,32 79,0 -63,6 -14,9 29,6 54,-13 -27,13 17,1 -23,20 8,12 45,38 29,63 29,2 47,31 53,14 76,3 38,-16 -15,10 16,28 42,4 38,-1 16,-15 -6,-7 9,-4 13,18 16,-10 0,-12 4,39 9,10 59,-2 38,-26 19,-5 -47,31 -33,7 -8,7 1,26 -26,3 0,11 30,7 1,7 -28,25 -11,34 10,3 -2,17 -3,9 -49,18 7,38 -8,16 4,47 51,-11 22,23 18,6 13,-9 5,31 -14,3 -12,-2 -22,-30 -30,-6 -20,9 2,10 33,26 81,6 53,41 65,16 -15,-12 6,-38 -23,-24 -1,-38 21,-10 36,0 8,-8 -17,-20 -39,1 -19,-38 -27,-3 11,-8 -43,-27 8,-22 -21,-23 23,-4 6,-19 27,-14 1,-9 -16,-11 27,2 7,-8 15,3 37,-12 28,6 5,-10 -25,-20 5,-7 54,-6 40,19 31,3 47,30 45,-6 42,-27 28,1 22,-35 63,-16 -2,18 -63,6 -10,25 55,-21 181,37 37,26 70,18 82,11 24,0 44,-16 -32,7 23,-32 17,-6 57,2 45,24 11,29 43,3 28,15 34,30 10,22 -9,-27 -44,-37 60,-5 5,53 -18,35 -3,83 4,18 28,20 11,30 27,25 83,15 9,-12 49,-28 15,-23 36,-12 28,4 45,24 -8,53 23,57 -19,3 -23,-11 -34,9 -26,30 17,13 -18,0 -7,13 8,8 -1,19 58,10 -3,8 33,10 106,5 8,4 -1,8 111,-9 35,-10 92,-4 17,14 0,23 27,-9 19,16 43,-2 20,17 101,-10 1,6 -45,23 -65,0 -43,19 -15,16 13,-5 3,12 -14,7 -105,-21 -26,7 -67,-13 4,22 -19,-21 -43,5 9,-13 -28,-7 -10,6 -106,-22 -15,-9 -99,-3 -44,-17 -6,1 24,19 -29,19 -16,-15 -29,-3 -2,13 15,7 -8,5 7,10 -73,13 -5,8 -19,-6 -17,7 -8,37 15,31 0,20 6,0 -7,7 11,4 -35,40 8,29 -17,13 -6,21 36,41 18,1 -11,17 78,10 -8,13 11,0 -3,6 8,-1 13,16 107,39 96,76 38,8 35,-2 -6,9 14,6 -11,13 9,34 -67,19 -10,9 5,10 -23,-8 -71,5 -59,-9 -35,13 -21,-7 -14,6 -15,-26 -33,-7 3,-6 -7,-5 -31,-1 -5,-5 9,-10 -20,6 16,-19 -43,-32 38,-35 -50,-28 -26,-31 -85,-26 -19,-15 -36,2 -32,-24 -43,-6 -8,-12 -22,-6 19,-1 -4,-9 -29,-11 -29,8 9,-15 -7,-6 14,-6 -39,-15 -24,6 2,-17 20,-11 -12,-6 -13,-30 9,-19 -27,4 -7,-15 12,-87 31,-6 10,-10 30,5 20,-18 40,-16 -3,-10 26,-7 14,-14 4,-18 -100,-40 16,-4 43,7 6,-6 -20,-4 -13,-18 -131,-46 -77,-1 58,-5 14,-10 -28,-6 12,-22 -7,-5 0,-24 -10,-1 -5,-10 10,-31 -17,-24 5,-19 -18,-36 -35,-49 -17,-9 -20,6 -85,-3 -6,-3 3,-10 -35,-5 -19,-15 13,-30 -16,-13 -37,3 -49,-8 -43,6 8,34 -50,54 33,-3 -14,18 20,1 6,7 -4,10 -46,29 -37,54 -9,-2 -8,25 -15,4 -3,25 -15,3 -10,12 -2,22 -18,3 -10,62 4,9 20,-1 -56,11 -19,21 -4,37 -3,-17 -17,-7 3,-24 -25,-27 -34,-5 -28,15 14,-10 -4,-4 -35,-11 8,-5 -7,-6 -115,-61 -71,-12 -46,0 -12,13 -15,-8 -18,5 14,10 -3,4 -61,12 -46,24 -7,11 9,28 49,-14 26,13 -26,-5 -21,15 6,20 47,25 -106,-38 -19,-1 -4,7 11,33 23,15 30,-5 45,16 -39,-2 -10,6 34,22 7,15 38,18 5,-5 -4,-21 19,27 28,9 -85,-16 -27,-28 -73,-43 -3,19 9,26 48,3 -40,9 -15,23 51,25 -41,-12 -12,7 -11,40 177,10 26,-19 0,14 57,12 -21,1 -5,8 9,13 -11,-6 -5,-19 -11,-1 -51,4 -6,8 -22,-16 -105,-2 -22,8 -9,6 -2,18 34,5 -41,23 0,17 54,2 55,-11 71,8 -146,7 -17,9 4,13 22,-1 18,16 37,11 17,-7 50,6 11,6 -55,-6 21,20 61,2 53,-9 20,5 -16,2 1,6 55,6 -136,-1 21,21 63,17 53,-1 52,-24 -46,31 11,13 36,5 -3,9 -24,7 31,12 47,-3 -6,-9 8,-4 16,11 38,6 32,-24 74,7 -9,10 6,7 64,18 -19,9 25,12 -35,-3 -17,-7 14,-7 -11,-8 -88,-26 -14,1 -15,18 -17,-2 1,12 95,62 97,32 10,7 -7,1 -26,-6 5,15 14,7 67,20 15,-9 20,1 41,24 -50,-16 -29,10 14,29 42,33 34,6 -24,14 88,8 36,12 -91,-7 -5,20 14,21 41,16 34,0 -31,11 46,21 131,8 -98,7 52,30 45,-10 18,-12 -1,9 11,8 -44,8 6,17 -45,-11 -8,2 2,13 33,16 49,-2 -30,12 69,16 30,-35 -5,12 13,9 -13,5 -5,18 18,7 56,-4 60,8 -12,5 -85,-1 -6,6 6,6 55,10 26,11 31,30 40,6 -2,16 18,15 39,-15 27,1 -31,16 38,7 21,19 52,3 -8,-36 32,40 36,13 7,-8 -5,-25 -29,-29 44,21 25,-2 -21,17 9,22 54,-2 9,11 18,1 55,-18 -18,24 -44,16 96,4 37,10 25,-6 11,-21 31,-12 4,4 -11,9 9,14 66,24 38,21 -16,13 51,18 49,-17 18,7 34,-9 -51,-27 -12,-23 -16,-10 5,-11 38,13 5,10 104,57 15,3 8,-9 -18,-18 9,-3 -7,-23 41,10 19,23 37,6 -31,15 49,13 66,-10 -6,-16 -43,-14 37,-1 -7,-9 -1,-33 42,51 22,10 27,0 64,-21 33,5 17,-8 -3,-8 38,-2 34,-12 1,-13 -68,-15 -148,3 82,-17 9,-24 40,-2 15,14 19,-14 5,7 23,0 74,-10 34,13 21,-1 -2,14 103,-23 -1,-9 -9,-3 -73,7 -9,-4 29,-15 62,-1 -2,-10 47,6 -12,-28 -19,-8 30,6 24,18 133,-9 28,6 57,-9 187,-50 70,-33 40,-4 74,-25 25,-1 -7,10 6,-1 57,-32 59,-12 16,-44 23,-6 0,-9 -17,-29 -67,-38 -123,-32 -139,-3 -92,17 -147,13 -69,21 -34,-6 -8,6 5,4 -130,19 -30,18 8,7 -104,7 61,-16 -4,-8 40,-20 32,-4 4,-15 43,-9 -29,-11 75,-10 58,-28 9,-18 -16,-26 -21,-11 39,-41 3,-19 12,-4 -9,-5 1,-15 16,-12 40,-9 22,3 50,-19 22,-19 107,-19 53,14 9,14 -11,23 -21,8 -56,1 -60,38 -5,15 26,5 9,18 26,2 39,-8 48,-23 175,-30 30,19 38,1 -16,22 -48,35 -5,10 7,15 51,15 36,21 78,16 74,40 39,-10 63,-1 42,-16 -11,-13 30,2 27,-13 -1,22 39,44 -6,27 -14,16 -51,16 44,74 -2,25 -3,8 -84,34 72,-12 103,3 81,-10 79,-51 1,-12 -116,-9 -63,-35 66,-22 32,-30 61,-9 117,18 25,47 -3,13 95,10 5,5 -18,14 5,3 41,-3 168,48 115,19 30,-8 -11,-9 22,-2 32,13 -38,13 146,39 69,-1 -69,-8 17,-7 -21,-21 16,-9 1,-10 -59,-10 -8,-7 71,-4 51,7 24,-12 14,2 6,17 50,20 62,8 109,-10 104,34 7,-6 11,9 71,9 31,-27 -26,-12 -1,-18 63,-9 19,12 -2,24 59,2 44,26 -7,16 -19,-4 -50,48 74,26 245,-17 83,-15 74,-20 -3,-8 210,-38 73,-36 64,-20 13,4 33,22 31,38 -60,2 -42,27 -11,24 -39,10 -56,11 -16,-14 -10,19 13,27 31,10 -9,11 14,52 -15,10 -44,-2 -3,8 18,16 -21,2 28,20 62,13 73,27 34,33 43,66 35,29 30,2 -5,-8 10,-2 176,3 131,-22 -6,-35 -18,-33 -29,-31 -37,-15 -4,-9 21,-15 50,-16 12,-19 0,-50 -23,-18 13,-49 -7,-64 5,-18 23,-15 74,-25 4,-9 -45,-30 3,-21 -10,-20 -48,-18 -74,-58 -18,-7 -30,2 18,-20 -1,-8 -82,-16 -34,8 31,14 -41,-5 -40,16 -87,-6 18,-21 79,-18 138,-4 71,-11 25,8 10,23 137,43 29,42 69,36 -3,30 -35,35 19,33 54,11 134,12 78,-51 1,-53 -7,-16 59,-21 115,2 -133,16 -5,26 13,18 33,7 -35,64 -165,34 -58,0 -61,-15 -83,2 -20,9 11,22 -33,29 2,9 25,38 51,40 -76,64 -49,22 58,41 132,30 10,11 1,16 -9,20 -22,19 58,-1 23,-22 -1,-12 15,-16 -47,-34 -2,-15 25,-16 -3,-12 -19,-10 5,-9 40,-7 101,-7 19,-7 66,4 73,-24 70,2 6,5 -59,3 -28,24 -73,4 -105,24 -40,36 84,12 68,-19 64,7 4,4 -21,14 -53,-2 -8,4 3,5 53,17 51,7 94,-2 134,-29 10,-12 80,-25 145,0 12,-5 -25,-22 -66,-19 -8,-26 9,-19 -17,-21 6,-20 4,14 33,35 28,6 14,-5 2,-32 -35,-36 18,-12 22,-1 5,7 -6,12 43,7 24,20 -16,22 -43,33 40,44 -2,14 -33,19 -56,5 -55,35 -126,22 -17,22 18,24 -33,14 -9,14 -2,13 20,11 -2,10 416,19 71,-3 16,9 128,7 14,-7 -124,-38 3,-11 86,-22 -71,24 -3,11 44,11 74,5 45,19 -36,7 -64,36 -57,8 40,13 50,-12 33,3 -81,23 -63,6 9,9 18,-1 14,9 45,-14 39,10 43,23 -53,6 7,10 66,-4 252,46 388,32 -118,0 -3,7 11,10 14,-5 15,7 232,4 50,-6 -43,-19 86,12 9,-2 -10,-10 85,14 15,-5 17,10 99,16 111,-21 -17,-18 -16,-5 10,0 31,13 -3,21 -102,34 7,3 197,2 76,-9 8,5 -75,7 17,14 -18,12 7,17 162,52 157,22 153,-20 35,-14 -186,-29 144,0 7,-10 11,0 112,3 49,-10 -79,-36 -25,2 3,-8 130,1 46,22 293,-2 83,-17 15,-7 -15,-10 36,6 32,-6 18,-25 -14,-8 43,8 6,4 -16,7 28,1 29,-36 30,3 1,-6 -25,-27 -13,-3 3,6 -13,6 -94,15 51,-26 28,4 49,-16 -11,-16 -70,-27 -308,-70 7,-6 -10,-9 -73,-14 -88,-34 -93,-7 -59,-29 -49,-2 -51,-35 -54,-18 57,6 77,30 127,3 134,21 24,11 53,-2 91,22 10,4 -15,5 -63,-7 -38,3 -4,6 20,13 39,9 80,-8 7,11 42,-2 -32,-6 17,-14 75,-12 64,4 15,9 -10,12 19,-5 39,-26 -26,-19 33,-11 -2,-30 -34,-22 3,-6 15,-11 36,-2 -45,17 32,25 2,17 33,12 -35,8 -3,7 55,8 128,12 311,-11 49,-11 -48,-2 -8,-9 5,-12 132,-27 200,-1 79,-9 21,3 -25,6 3,5 63,-7 46,24 -30,24 -1,10 10,11 113,11 108,-23 -2,-7 66,10 9,-4 -6,-12 26,-6 48,22 71,-7 54,-15 -2,-6 33,-1 30,-7 2,-8 19,0 -50,-21 42,-3 23,-17 -83,-17 86,-9 13,-12 0,-15 -13,-8 -35,-1 -120,33 118,-66 21,7 0,13 9,-3 25,-18 -62,-8 30,-7 62,-47 78,-23 22,7 26,-21 41,8 61,41 -4,11 23,29 42,29 48,-32 56,-18 101,-4 86,22 53,1 103,-20 82,-29 -10,10 48,10 -40,5 31,22 29,-4 26,7 43,-19 78,5 -30,21 3,19 -36,6 28,5 21,15 34,4 -57,4 -44,-7 -4,17 46,17 85,-1 63,10 -11,13 -32,12 16,5 125,-17 146,-2 273,-26 -1,-9 -146,3 -61,-12 12,-7 254,10 -23,-17 -49,-17 -11,0 23,19 -47,9 -10,-16 10,-13 -69,-1 -8,-18 20,-5 88,11 119,52 114,-2 110,-15 46,-17 6,-9 -97,-10 -8,-11 53,-3 56,-15 54,1 7,-7 -57,-22 87,15 61,-9 51,-27 -33,-4 75,-15 129,5 209,22 156,-3 125,-13 65,-15 56,-28 10,-20 -28,-44 10,-9 108,-17 13,-51 30,-20 -21,-25 -27,-11 24,2 27,26 19,8 -8,30 6,18 63,23 103,11 75,2 56,-13 238,-11 74,24 23,-1 29,-15 15,-31 101,-19 30,-29 93,4 46,21 0,10 -42,44 -42,5 34,23 -1,25 207,-14 72,-15 16,13 135,-9 113,4 101,-25 192,-26 10,-10 32,-3 60,-25;5068,4694 -79,-35 -54,-7 1,-11 -15,-3 4,-9 -56,-20 4,-19 -24,4 -33,-20 -46,-5 -7,-11 -17,10 6,-19 -44,-67 -8,6 -24,-22 -4,-21 30,-11 29,-24 15,-54 10,27 9,6 -14,-38 -5,-48 25,-22 2,-13 65,-73 45,-32 63,-83 32,-22 40,-7 19,-23 -45,4 -37,-13 -22,-58 3,-26 -20,-32 -15,10 -5,-5 -11,-26 2,-43 9,-50 12,-22 29,-15 76,-11 21,-26 59,-34 83,-20 43,1 158,31 15,0 -24,-8 29,-3 5,8 -20,103 5,102 -17,26 -36,13 -18,-7 -4,16 12,18 36,-6 -13,12 2,24 -50,8 -4,-9 8,-13 -23,28 -6,35 20,64 21,-22 46,0 26,-17 51,4 -6,14 37,4 1,20 -60,45 -25,57 -10,4 -59,-4 -19,-11 -16,-27 7,-6 -3,-45 -24,33 -14,36 -1,21 16,33 -2,33 -70,11 -28,29 -32,1 0,31 -24,27 -23,44 -58,22 5,17 11,4 45,1 32,-13 36,3 -23,9 -30,30 41,44 101,4 77,-7 -43,24 36,62 -7,29 11,19 -25,28 -44,4 -34,-16 -96,28 -50,-17
-1554,6623 94,15 -31,-10 -20,-18 41,-8 1,-12 -14,-14 44,3 7,-11 -15,-11 30,7 55,-12 -5,-12 -13,-5 16,-8 -11,-8 19,-6 -4,-9 -25,-5 0,-13 -20,-12 -33,0 -9,-25 -46,-17 -90,-14 -81,-32 -117,-15 -14,-18 -70,-12 -155,15 -29,13 13,8 -5,4 -24,-7 -50,20 -30,-8 -120,-3 -9,19 4,6 19,-9 45,8 39,28 21,3 -59,-7 15,8 -10,2 5,11 36,11 -57,-9 -17,9 8,10 -22,7 -88,2 -47,-8 -20,12 123,19 90,0 11,14 -26,-6 -47,7 67,25 -106,13 -100,-17 -57,11 22,9 39,-7 -15,8 -8,16 48,-10 32,7 -54,10 31,3 -26,14 4,5 31,-5 -17,9 15,7 39,-9 4,-11 36,5 4,-16 18,4 0,16 -51,14 47,6 -64,7 23,10 46,-1 102,-40 -11,-6 21,-7 -7,-16 -28,-2 30,-14 -7,-11 20,-5 10,-15 19,30 14,7 35,-7 9,15 0,31 15,7 72,-33 11,31 54,10 56,-29 14,-16 4,10 -20,33 39,-2 36,-18 40,24 31,-8 35,8 6,8 -11,17 29,7 26,-1 45,-28
17857,5192 -10,5 10,1 0,-6
1205,3676 -11,2 1,6 10,-8
-17825,-1795 -11,3 8,3 3,-6
-14981,-1755 -8,0 -1,8 12,-2 -3,-6
-6757,-5589 -28,5 30,1 -2,-6
-6990,1245 -17,10 3,6 14,-16
-6521,1091 -20,3 11,3 9,-6
-7281,1878 -1,-7 -26,8 -20,16 21,-2 26,-15
-2503,3696 -17,4 12,2 5,-6
1665,4300 54,-8 -34,-2 -20,10
1720,4313 -52,-1 -31,9 83,-8
1679,4327 -37,5 3,7 15,-1 24,-3 5,-4 -10,-4
-251,4949 -4,-6 -10,4 14,2
-202,4923 -3,-6 -19,1 2,9 20,-4
-5979,4394 -33,1 39,5 -6,-6
-6301,1804 -11,2 10,5 1,-7
-6543,1811 -14,3 20,2 7,-3 -13,-2
-6253,1712 -9,1 1,7 8,-8
-6440,1846 -2,5 10,1 -8,-6
-6477,1779 19,-4 -31,-5 0,7 12,2
-7735,2501 -21,2 23,5 6,-4 -8,-3
-17516,-2117 8,4 -8,-13 -20,15 4,4 16,-10
5268,4541 -12,6 10,5 2,-11
-5844,-5201 1,-9 -11,7 10,2
4008,1608 3,-9 -12,5 9,4
3690,2538 -40,26 3,5 22,-13 21,-15 -6,-3
3660,2571 -6,3 4,11 2,-14
10132,299 -5,-2 4,10 1,-8
12360,-170 -12,2 5,18 7,-20
12675,3434 -6,-3 -4,8 10,-5
15288,7612 -32,2 24,6 8,-8
6734,6953 -8,-9 -23,4 18,10 13,-5
6656,7054 -15,8 3,15 12,-23
5548,8027 -50,-1 26,7 24,-6
1842,5903 -7,-1 3,5 10,3 -6,-7
1860,5947 -3,6 13,1 -10,-7
10572,-1049 -2,-7 -12,5 13,8 1,-6
16398,-7483 -22,3 -2,9 47,10 -23,-22
16483,-6754 -19,4 5,24 22,-16 -8,-12
16764,-7814 -26,-11 -44,3 -66,-9 -16,4 -11,17 85,-10 64,21 14,-15
16330,-6682 -7,-5 -14,17 15,-1 6,-11
16708,-7732 220,-13 7,-7 -83,-16 -113,3 -66,-20 -51,33 41,14 -22,13 10,6 48,0 9,-13
16984,-7360 -36,6 30,22 18,-19 -12,-9
16297,-7557 -18,-13 -20,3 38,10
10098,-6568 -43,-2 -28,10 27,19 34,3 38,-15 -28,-15
8582,-6695 -17,-3 -33,20 2,6 47,-5 13,-12 -12,-6
9260,-6581 -27,0 -8,7 25,4 13,-3 4,-4 -7,-4
8654,-6677 -31,4 29,4 13,-3 -11,-5
8533,-6661 -26,3 9,6 17,-9
6992,-7192 -13,-13 -10,8 11,8 12,-3
6846,-7230 21,20 17,-7 -2,-6 -36,-7
9661,-6604 32,-2 9,-10 -63,-6 -8,3 9,11 21,4
7200,-7063 -34,13 -1,16 15,8 27,-26 1,-9 -8,-2
16261,-6648 -10,-4 -21,12 1,15 30,-23
10027,-6622 -19,3 21,8 -2,-11
9884,-6647 -24,9 35,-4 -11,-5
10340,-6544 -22,-2 -7,15 -32,7 -3,7 38,-2 5,-14 21,-11
-14524,-7571 -91,14 39,6 34,-8 18,-12
-14661,-7696 -47,-3 -4,12 87,-1 9,-7 -45,-1
-13239,-7444 -47,-2 31,7 16,-5
-14860,-7701 -64,2 -6,7 79,-3 7,-3 -16,-3
-14933,-7672 101,-5 -66,-8 -49,9 14,4
-13107,-7458 -77,4 -32,11 40,11 78,-9 1,-11 -10,-6
-11955,-7411 -35,3 24,9 -14,18 58,3 34,-10 -18,-12 -49,-11
-11674,-7416 -49,-3 -17,7 102,25 23,-4 -59,-25
-12737,-7462 -54,8 -18,7 -4,14 90,-10 9,-5 -23,-14
-14922,-7734 29,-5 -51,2 -22,7 44,-4
-16199,-8312 -106,2 -50,11 -25,15 139,-6 77,-13 -35,-9
-15023,-7678 -64,4 69,5 10,-5 -15,-4
-14669,-7625 -20,-1 -53,19 47,-3 26,-15
-14679,-7663 -12,-8 -44,9 21,9 35,-10
-16047,-8159 -278,11 -70,9 8,7 67,4 74,-3 152,-15 47,-13
-15040,-7737 -111,10 49,5 62,-15
-15393,-8003 -182,20 8,6 174,-26
-14923,-7712 -123,4 -33,10 92,11 64,-25
-15799,-8211 -100,33 116,-25 -16,-8
-590,-7055 -26,-6 -28,16 47,3 7,-13
304,-7060 -34,-2 -12,9 61,14 7,-6 -4,-7 -18,-8
-295,-7121 -36,1 -9,14 14,1 31,-16
130,-7026 -14,-12 -21,29 46,5 5,-10 -16,-12
-253,-7077 44,-5 -28,-22 -41,-13 -2,19 -16,4 -5,9 -56,15 53,3 51,-10
453,-7048 -35,3 -11,16 42,4 13,-12 -9,-11
4854,-6678 -25,3 35,5 14,-8 -24,0
1622,-7001 -6,-6 -54,13 -6,8 35,13 66,1 -25,-12 -10,-17
2686,-7038 -50,-5 -36,6 -5,11 35,19 31,-1 25,-30
-3112,-7980 28,3 6,12 12,-8 104,-18 -80,-10 -140,16 -18,12 32,9 56,-16
-3394,-7932 -266,4 3,7 104,12 159,-23
-328,-7053 -22,4 33,18 36,2 13,-9 -6,-13 -54,-2
-2061,-7389 -3,-26 22,-17 0,-12 -7,-5 -33,4 -16,22 -19,10 -86,2 90,17 26,26 18,5 11,1 6,-9 -9,-18
-1610,-7268 -35,3 -7,12 22,5 20,-20
-1251,-7217 -21,-2 -24,13 17,5 28,-16
-3234,-7967 -24,1 20,13 45,-4 -41,-10
-4572,-6052 49,-12 5,-9 -60,14 -16,-3 1,9 21,1
-5407,-6130 -12,5 17,12 -5,-17
-6726,-7945 -17,-5 -112,6 23,14 61,9 64,-6 -17,-6 -6,-6 4,-6
-5517,-6122 -13,-3 -14,14 5,4 72,-5 -50,-10
-5553,-6317 37,-4 8,-11 -8,-3 -67,5 -55,-14 -12,8 11,13 35,7 51,-1
-5587,-6354 -9,-4 -27,11 47,5 4,-7 -15,-5
-5724,-6457 -19,3 -2,8 56,13 -10,-14 -25,-10
-5884,-6230 -22,-5 -14,7 14,4 22,-6
-5798,-6191 24,-1 10,-10 -51,-4 -3,-11 -29,3 -9,-10 -26,7 -18,-4 32,20 70,10
-6195,-6408 -9,0 2,5 22,6 -15,-11
-6200,-6972 -8,-1 -14,23 -35,32 33,0 43,-20 0,-13 -10,-2 -9,-19
-6332,-6486 -24,-5 10,11 24,7 -10,-13
-6233,-6442 -25,-9 -20,3 27,23 -10,13 16,11 39,-13 -13,-23 -14,-5
-6261,-6307 8,15 21,5 -29,-20
-5939,-6245 -27,10 26,-2 1,-8
-5606,-6308 -29,-9 -26,12 12,7 43,-3 0,-7
-6063,-6256 78,-6 -37,-13 -16,13 -68,-6 -9,9 17,0 18,12 17,-9
-5738,-6381 27,-3 -23,-4 -34,7 30,0
-6116,-6998 -24,5 7,7 18,-2 -1,-10
-6066,-6877 -36,6 21,2 15,-8
-6074,-7071 -16,2 -4,16 49,-1 -4,-11 -25,-6
-6055,-7105 -40,8 34,5 10,-8 -4,-5
-6050,-6297 -12,-5 -12,7 10,6 14,-8
-6065,-6387 -32,2 16,1 9,17 16,-3 -13,-11 4,-6
-9380,-7292 -31,6 10,4 21,-10
-9116,-7318 -35,-2 6,23 9,6 -31,29 37,7 49,-6 3,-12 -12,-9 12,-3 0,-14 -38,-19
-10454,-7317 -34,-3 -17,7 -8,14 16,5 43,-23
-9503,-7267 -19,0 -5,2 5,5 65,13 14,-14 -60,-6
-7170,-7027 36,-5 -35,-12 -10,15 9,2
-7198,-6970 -22,-4 -58,10 -18,11 10,10 40,-2 48,-25
-7388,-7336 -16,-1 -9,9 30,17 29,-1 -34,-24
-6585,-6584 -32,-3 2,10 10,2 8,18 33,2 -3,-10 -14,-4 -4,-15
-6660,-6620 -27,-9 9,18 21,3 -3,-12
-6735,-6777 -34,1 -5,10 49,6 10,-5 -20,-12
-6736,-6689 -23,1 16,14 17,-10 -10,-5
-18000,-1678 14,9 4,-8 -18,-19 0,18
18000,-1696 -10,0 10,17 0,-17
-7890,827 -6,17 8,2 4,-11 -6,-8
15481,4931 -20,-2 0,9 21,27 8,-2 -9,-32
5931,8130 -70,4 46,6 24,-10
5442,8047 -14,-5 -47,6 9,3 -2,10 53,-7 1,-7
6114,8095 -108,4 53,10 87,1 11,-5 -43,-10
5352,8018 -89,0 -42,8 98,15 66,-14 -33,-9
5708,8035 4,-16 -13,-12 -127,4 29,9 2,14 105,1
5969,7996 -77,3 3,5 59,8 37,-13 -22,-3
-6647,-5523 -16,0 11,6 8,-2 -3,-4
-7504,-4489 -10,7 6,2 4,-9
-7551,-4876 -11,-1 -3,18 13,26 -4,26 17,5 23,-41 0,-19 -35,-14
-7530,-5068 -3,-9 -11,3 1,26 31,-3 -17,-9 -1,-8
-7439,-5292 74,-15 51,-28 -43,4 -30,21 -40,2 -44,31 14,0 18,-15
-6970,-5492 80,-10 44,6 6,-8 -21,-12 33,-9 -5,-8 24,-15 4,-16 -29,14 -53,5 -6,8 4,13 -30,7 -11,0 -6,-13 18,-18 -28,6 -18,10 -2,9 -32,8 9,27 19,-4
-7511,-4884 -28,-32 -12,-7 -13,3 15,12 -15,14 6,8 46,9 1,-7
-6011,-5140 -14,0 -2,12 20,-3 -4,-9
-2626,-5843 0,-6 -19,7 19,-1
5376,1264 43,2 32,-11 -38,-19 -41,-4 -41,21 22,19 23,-8
5333,2426 -14,3 22,12 -8,-15
5872,2022 -8,-1 0,13 24,34 7,-16 -23,-30
5619,2692 -24,-22 -10,3 -43,-15 -13,6 47,17 0,14 15,-4 30,9 7,-5 -9,-3
5393,2418 -29,-1 19,9 10,-8
4199,1671 7,0 0,9 11,-9 -1,-14 -9,10 -17,1 -12,17 8,4 0,11 9,-6 4,-23
4014,1570 4,-6 7,6 15,-12 -42,3 -3,9 12,-2 -13,6 6,9 -5,6 15,-5 4,-14
5061,2588 -3,-7 -11,16 0,26 12,1 2,-36
4279,1397 -10,4 7,6 3,-10
4827,2962 -9,-1 -10,19 10,18 17,-20 -8,-16
17935,-1810 -10,7 6,9 4,-16
17883,-1773 -8,4 4,6 4,-10
16845,-1678 1,-6 -28,4 -5,16 7,5 25,-19
16830,-1634 -28,2 -9,9 23,15 14,-26
16845,-1754 13,-16 -6,-10 -36,9 11,16 18,1
16791,-1544 -24,-1 15,14 18,3 -9,-16
16674,-1483 7,-33 11,2 7,20 9,0 12,-50 -11,-14 -33,-5 -13,22 -10,65 8,12 13,-19
16821,-1597 -9,29 4,22 11,-43 -6,-8
16819,-1533 -2,-6 -4,7 -1,33 7,-34
16741,-1610 43,-35 -39,-11 -10,41 -20,7 10,20 16,-22
16722,-1572 -13,3 3,7 11,-2 -1,-8
15988,-853 -94,49 -34,28 -14,22 27,-6 38,-30 32,-13 41,-30 -5,-8 9,-12
15749,-733 -5,-10 -34,11 -60,56 -5,12 15,0 43,-25 16,-27 30,-17
15366,-410 -7,0 7,6 0,-6
12116,607 6,-7 17,0 2,-6 -12,-7 -7,7 -29,-4 -5,5 16,15 12,-3
13435,3448 -10,-6 -7,10 17,-4
-7511,-4784 -15,8 6,3 27,1 -18,-12
-7467,-4361 -17,4 9,3 8,-7
-7363,-4482 -19,17 4,9 14,-5 1,-21
-7457,-4859 -35,-4 -29,49 1,17 37,12 -2,-17 25,-35 3,-22
-6455,-5472 73,-1 -15,-8 -35,1 -32,-10 -12,7 21,11
-6188,-3917 -4,-6 -17,14 21,-8
-5968,-5223 -9,-1 -2,10 11,-9
-6102,-5179 15,0 -8,-16 -19,11 12,5
-7292,-5348 4,-10 40,-1 28,-22 -21,-19 -43,-12 -12,5 18,12 2,9 -28,3 -4,-17 -13,1 -10,5 0,21 -16,-1 -17,17 -21,2 16,12 24,2 35,-10 5,12 13,-9
-6708,-5515 -26,-14 -16,11 -27,-8 -30,4 -23,24 105,0 17,-17
-7099,-5487 19,-10 38,6 12,-20 -18,-7 -12,10 -34,2 -26,17 -20,-4 -1,9 42,-3
-6729,-5578 -27,7 19,12 8,-19
-7456,-5128 -6,-12 -43,0 -24,-22 14,34 11,-4 43,11 5,-7
-7506,-5030 -19,-8 -20,4 12,33 45,-10 4,-9 -22,-10
-7482,-5163 4,-19 24,-14 -16,-32 -15,1 -26,48 29,16
-7381,-4383 2,-5 -17,-4 -18,5 33,4
-7139,-5403 37,-8 1,-14 -13,-12 -33,14 -48,-7 -26,25 21,17 61,-15
-7414,-5193 -29,8 -5,12 35,-14 -1,-6
-7373,-4439 -25,-10 -2,-10 17,-25 10,-28 -2,-15 -10,-7 -25,2 1,12 -53,55 14,6 -2,12 40,8 2,20 9,5 29,-13 -3,-12
-7431,-4569 -15,-7 -22,2 -1,8 20,23 -1,15 19,11 0,-29 8,-15 -8,-8
-7356,4547 -40,-3 49,26 -9,-23
-7369,4559 -17,-2 29,12 -12,-10
-6096,4549 -12,7 17,1 -5,-8
-6192,4728 15,-2 -24,-3 8,19 38,21 15,1 -52,-36
-6451,4789 -17,-14 2,11 15,3
-6447,4796 -12,-5 9,10 3,-5
-7103,4687 -7,3 27,10 -20,-13
-6676,4468 -14,-5 10,18 4,-13
-6819,4433 -12,-1 -1,-7 -9,4 11,17 11,-13
11385,-710 -72,-12 -40,15 14,17 111,3 10,-12 -23,-11
-17395,-1864 -4,-6 -8,6 10,7 2,-7
-15141,-1688 -7,2 1,12 6,-14
-15734,186 16,-12 -7,-1 -33,17 15,-5 6,10 -7,7 12,-5 -2,-11
-13902,-969 19,-5 -24,-11 -9,8 14,8
-13906,-993 -7,-8 -1,8 8,0
-14932,-1769 14,-5 0,-12 -16,13 -24,0 -5,17 25,4 6,-17
-14007,-891 -15,-2 -2,13 18,0 -1,-11
-14008,-943 -6,7 7,3 -1,-10
-17233,-1347 15,-21 -4,-12 -32,1 -24,27 45,5
-17896,-1727 -4,-3 -1,15 9,-6 -4,-6
-15934,392 7,-12 -14,7 7,5
-17145,-1405 -46,5 -14,14 19,5 26,-7 15,-17
-17073,-1435 -9,4 25,4 -16,-8
-16980,-1908 -11,-6 -4,7 12,10 3,-11
-17491,-2130 -1,-15 -5,10 6,5
13460,738 -6,-2 -2,17 13,18 -5,-33
14575,1513 -7,-1 3,9 11,6 -7,-14
14474,1326 -8,3 -1,14 19,19 7,-2 -17,-34
14566,1497 -4,-5 0,14 4,-9
13814,950 -7,-8 8,16 6,-3 -7,-5
17849,-1897 -13,-8 -7,5 -13,-12 -20,0 37,19 16,-4
16758,-1426 -15,-4 -2,10 10,6 9,-4 -2,-8
16749,-1391 -10,12 9,8 7,-10 -6,-10
16989,-2019 -3,-5 -12,4 15,1
16949,-1954 -5,-11 -9,3 -13,14 3,13 9,2 2,-13 13,-8
16933,-1894 -8,-4 -26,11 3,23 12,1 19,-31
16801,-2143 13,-2 -2,-17 -15,-2 -16,25 18,5 2,-9
16655,-2070 8,28 4,-3 -12,-25
16740,-2116 -33,16 -4,8 16,12 -14,8 16,5 9,-6 -1,-16 14,-17 -3,-10
16754,-2262 -10,-2 0,10 10,-8
16693,-1167 -12,-1 -6,9 11,1 7,-9
16613,-1076 -23,-9 -11,6 23,13 14,-3 -3,-7
16058,-1180 -14,-1 -17,15 -27,8 0,11 58,-33
16075,-831 25,-30 -5,-19 21,-16 21,-65 -50,45 -10,20 -11,34 5,8 -12,17 16,6
16172,-1039 38,-6 27,-37 -46,6 -37,19 -5,21 -20,3 2,13 41,-19
16155,-963 0,-14 -14,9 -5,33 19,-28
15919,-912 -15,4 9,9 10,-4 -4,-9
16017,-900 24,-14 -13,-3 -17,9 6,8
15969,-851 -12,3 -2,8 14,-11
15776,-824 14,-27 -8,-10 -23,16 -3,18 -26,-6 -8,7 27,29 11,-4 5,-21 11,-2
15811,-868 -17,-6 -3,18 19,2 1,-14
15739,-871 -18,15 17,14 -5,-23 6,-6
15669,-792 -18,21 5,14 25,-15 -12,-20
15717,-811 -13,-1 -8,11 6,14 17,-7 -2,-17
15584,-710 -16,1 6,12 13,-7 -3,-6
15831,681 -13,-1 -5,14 17,1 1,-14
17554,-3628 1,-5 -8,2 -12,9 4,14 15,-20
17392,-4086 -14,-6 3,13 15,8 -4,-15
16674,-4566 -1,-7 -20,3 16,9 5,-5
-17618,-4374 -20,-13 -3,11 -9,-1 16,-28 -18,-7 -11,8 8,19 -30,3 28,10 39,-2
-17618,-4432 -5,8 11,-3 -6,-5
16918,-5250 5,-5 -10,-2 -11,7 16,0
16622,-5076 2,-9 -35,4 19,13 2,14 17,-2 -9,-15 4,-5
16815,-4686 -11,-7 20,-5 0,-9 -72,-19 28,35 -1,21 16,1 20,-17
13709,-1578 -4,-4 -11,11 7,11 8,-18
13659,-1563 -7,0 0,9 9,0 -2,-9
13259,-1130 -11,26 10,7 1,-33
14904,-2029 -10,1 4,13 6,-14
14628,-1823 6,-17 -4,-8 -20,23 18,2
14228,-1071 -9,-5 -6,12 7,5 8,-12
14234,-1019 -6,-6 -8,5 10,6 4,-5
14217,-1015 -7,3 5,7 2,-10
13951,-1657 -15,-13 -21,-1 14,24 31,7 10,-12 -19,-5
13946,-1711 -5,2 8,10 8,-10 -11,-2
13671,-1380 18,1 -14,-28 4,-9 16,-2 -6,-11 -55,8 9,8 0,27 23,18 5,-12
13624,-1382 -12,0 10,15 2,-15
13660,-1138 -8,-1 26,38 -18,-37
13634,-1160 -16,-8 9,10 21,11 -14,-13
13046,-1168 15,-14 -57,3 3,11 13,2 -5,18 14,14 17,-34
13062,-1138 40,5 25,14 27,-25 -8,-15 -51,-34 -44,31 -14,40 6,4 19,-20
12520,-1458 -6,-6 -5,5 7,13 4,-12
12460,-1540 -8,-2 0,15 8,-13
11545,-2079 -13,-6 11,18 2,-12
11318,-2605 -22,27 -1,25 23,-52
14735,-4340 -4,-10 -16,0 -4,7 17,15 7,-12
14810,-4271 -7,-1 4,13 10,-6 -7,-6
14743,-4324 -13,8 5,8 8,-16
14478,-4051 -3,-8 -4,11 7,5 0,-8
14393,-4012 -9,22 4,20 12,12 9,-6 5,-31 -21,-17
14833,-4031 14,-12 -7,-6 -39,11 32,7
14800,-3976 30,-23 -5,-11 6,-7 -20,-9 -23,36 -11,3 16,14 7,-3
14824,-4052 -5,-7 -7,7 12,0
13760,-3574 33,1 19,-12 -45,-5 -8,-13 -14,-5 -24,10 -45,-5 -22,14 10,14 69,16 25,-3 2,-12
14549,-3835 -21,-4 2,7 19,-3
14531,-3849 5,-7 -23,3 9,7 9,-3
15354,-2744 -11,-27 1,30 10,-3
15344,-2732 -8,18 7,11 1,-29
15308,-2575 -7,2 -3,18 6,36 19,18 -9,19 12,9 9,-33 -27,-69
15115,-2349 9,-4 6,-19 -6,-6 -21,25 3,7 9,-3
14993,-2219 -6,4 4,10 2,-14
11736,822 -7,-3 -1,12 8,-9
11708,788 -5,-7 -6,8 2,16 9,2 0,-19
11992,1049 -13,-4 -3,10 9,9 16,-7 -9,-8
11986,1153 -1,-14 -12,4 13,10
12010,1217 13,5 9,-21 -31,0 -15,19 3,10 21,-13
12004,1170 -10,-1 -8,26 17,-3 1,-22
12265,1047 -11,-4 0,18 16,13 4,-9 -9,-18
12337,945 -5,4 7,48 32,50 33,80 -3,-87 -31,-27 -33,-68
12376,1128 5,-13 -7,0 2,13
12460,979 -24,-16 -24,-3 -18,2 -12,20 35,32 17,2 24,-13 2,-24
12481,914 -3,-6 -11,5 -2,10 9,1 7,-10
12370,924 1,-11 -9,-3 -13,9 21,5
12025,526 -6,-9 -7,5 -16,-14 -14,-1 34,26 9,-7
12209,643 -13,-1 -13,24 23,8 23,-10 3,-4 -23,-17
12606,977 -7,7 9,22 9,-26 -11,-3
12569,991 -19,21 2,19 15,13 2,-53
12027,1375 0,-7 -17,16 17,-9
12191,1354 21,-8 -12,-26 -17,13 4,24 4,-3
12209,1235 -8,-24 -9,22 8,27 14,5 -5,-30
12266,1231 -24,14 18,4 6,-18
12328,1285 9,-15 -41,41 8,0 24,-26
12377,1245 1,-8 -16,20 0,11 15,-23
12372,1229 32,-32 0,-22 -57,47 -31,-29 11,47 -4,18 33,-14 16,-15
12435,1363 -18,-10 -13,13 8,32 10,10 20,-21 -7,-24
12218,1405 -22,11 0,7 22,-18
12203,1500 -6,-11 5,-13 -9,-10 -11,30 2,8 19,-4
12192,1890 -10,-6 12,17 5,-5 -7,-6
12125,1908 0,-6 -5,3 1,13 4,-10
12152,1936 1,-9 -16,9 15,0
12196,2037 -2,8 9,2 -7,-10
12188,2078 -9,-8 6,14 3,-6
14802,-583 -24,20 1,14 26,-12 -3,-22
14717,-543 -16,12 12,12 8,-6 -4,-18
14602,-473 -7,-3 -7,9 11,13 3,-19
14707,-196 37,-5 -23,-17 -46,3 -21,-6 12,24 41,1
15465,-543 -11,32 9,10 10,-21 -8,-21
15267,-313 -2,-9 -11,12 10,6 3,-9
15210,-295 -4,-5 -10,13 14,-8
15196,-283 -2,12 7,-10 -5,-2
14977,-155 -10,-3 -12,11 3,12 14,-8 5,-12
15044,-266 -27,0 -21,19 27,9 20,-9 1,-19
15108,-1002 22,6 -7,-23 -27,10 -19,38 31,-31
15035,-949 -24,13 10,15 11,-5 3,-23
15053,-935 26,-7 10,-25 -45,5 7,8 -7,18 9,1
15111,-873 1,-7 -8,7 4,16 -7,5 11,10 -1,-31
15263,-896 32,-11 2,-14 -25,4 -21,16 12,5
15090,-1056 -2,-8 -9,4 11,4
15428,-1136 -16,-7 -10,8 26,-1
15354,-1148 22,-11 -21,-4 -17,7 -18,24 34,-16
14359,-848 -27,11 26,-2 1,-9
13538,-65 51,-8 48,-36 -20,-12 -26,3 -16,36 -11,-6 -21,11 -5,12
13547,-159 142,-21 -66,-9 -74,22 -2,8
13496,-112 -10,1 -3,13 11,0 2,-14
13889,-839 -29,2 -4,6 24,14 9,-22
13035,-169 7,-28 -17,-8 -36,6 -15,12 61,18
13100,-132 -22,6 -11,30 36,4 -3,-40
13091,-78 -8,-8 -43,-6 9,9 42,5
13063,-53 -16,4 14,7 7,-5 -5,-6
13081,0 47,-15 6,-14 -8,-8 -31,3 -27,26 -4,-6 26,-20 0,-8 -15,-2 -6,14 -14,-7 -5,10 -26,6 12,14 45,7
12845,205 -15,-1 -8,26 11,17 27,13 9,-13 -7,-25 -17,-17
12745,-1 -5,3 3,12 2,-15
12742,64 -4,10 6,-1 -2,-9
12725,-50 -13,-2 1,24 16,0 -4,-22
12730,-78 -14,2 5,14 9,-16
12757,-32 11,-15 -7,-14 23,-11 0,-13 -8,-3 -14,11 -16,-4 1,17 -17,14 2,16 13,-7 12,9
12815,-166 -59,-7 -17,8 7,20 19,12 25,-11 25,-22
13475,-571 -3,-59 -8,-7 -20,4 -29,27 15,5 4,18 -14,12 14,0 23,28 18,-28
13454,-644 -22,-41 -12,-6 -11,8 2,36 8,1 -7,3 -1,24 43,-25
13293,-590 -8,-9 9,31 17,37 6,-4 -5,-23 -19,-32
13281,-585 -6,-10 -7,4 -5,30 11,-5 7,-19
12872,-355 -10,-4 -4,8 14,-4
12856,-359 -17,-5 6,13 11,-8
12827,-367 -29,-10 -5,7 33,19 7,-1 -6,-15
12318,-455 2,-27 -8,10 -7,-3 -8,-39 18,-8 4,-11 -22,-8 -16,-26 -17,1 -5,17 18,28 8,59 10,18 13,5 10,-16
12264,-527 -7,-12 -26,1 -3,6 12,25 -3,30 33,15 6,-31 -14,-21 2,-13
12204,-544 -6,-2 -17,20 10,19 13,-9 0,-28
12324,-411 -16,-12 -11,20 24,3 3,-11
12605,-245 -7,3 -12,34 6,11 7,-4 6,-44
12602,-179 31,-3 -37,-10 -53,-2 -4,10 63,5
12497,-171 22,0 13,-17 -31,-6 -18,4 -41,-10 -9,14 9,20 55,-5
12385,-196 -5,-3 -2,11 7,-8
12321,-117 3,-22 20,15 11,-10 -4,-11 -14,-6 -10,7 -10,-18 -2,32 -26,-29 -8,16 10,25 30,1
12315,-182 -7,-8 3,11 4,-3
12186,-41 2,-9 -23,-3 10,12 11,0
12682,403 -11,4 10,19 -9,8 4,21 10,-7 6,-19 -10,-26
12566,344 -15,2 -4,27 19,-29
12053,-630 -4,-16 -6,28 5,40 7,-19 -2,-33
13198,-720 -1,-5 -22,13 17,2 6,-10
13086,-832 -8,-3 24,26 16,-4 -32,-19
13132,-800 -20,0 2,32 39,51 11,6 10,-9 -10,-7 5,-17 -37,-56
12984,-795 -13,-9 -12,12 2,12 20,-2 3,-13
12867,-718 -14,5 10,6 4,-11
12782,-810 30,-7 -10,-9 -20,7 0,9
12742,-762 -6,-3 1,14 11,-2 -6,-9
12680,-767 1,-7 -23,-7 -11,-14 -43,6 -24,-9 17,32 25,-5 39,14 19,-10
12565,-814 -7,-17 -7,4 14,13
12341,-1030 -9,-4 0,8 14,12 4,-5 -10,-4 1,-7
12295,-1091 -12,1 2,14 52,29 5,-18 -47,-26
12188,-1059 -18,3 17,12 13,-1 -12,-14
12457,-814 3,-6 45,2 7,-3 1,-12 -69,-12 -9,6 4,14 18,11
12429,-833 -14,-20 -22,8 8,13 10,-4 13,16 6,-3 -1,-10
12393,-827 -14,-3 -24,-27 -32,4 25,21 -9,4 21,-1 17,10 16,-8
12332,-835 -29,-4 19,16 12,-4 -2,-8
11947,-874 -8,0 6,31 11,-9 -9,-22
11907,-824 -5,4 8,6 -3,-10
11561,-877 -13,5 8,5 5,-10
11538,-697 -16,2 2,9 28,-4 -14,-7
11272,-581 -13,1 10,7 3,-8
11792,405 -18,-5 -11,12 3,13 22,-6 4,-14
11766,328 -11,15 13,-2 -2,-13
11642,-346 -3,-18 -6,10 6,12 3,-4
11630,-387 -21,-18 -7,35 10,36 15,9 3,-62
10895,-162 -11,-4 -4,9 16,1 -1,-6
10971,-118 -25,-10 2,29 26,-5 -3,-14
10889,290 -10,-1 9,11 1,-10
10832,369 -22,2 14,10 -15,4 -9,13 25,24 14,-23 -7,-30
10629,316 -1,-7 -8,12 9,-5
10576,286 -7,20 15,-8 -8,-12
10171,208 6,-14 -5,-15 -22,-6 -9,29 23,11 7,-5
10243,99 -5,-3 -10,12 -2,32 18,-17 -1,-24
10249,146 1,-13 -42,17 -6,11 47,-15
10303,75 -54,11 2,23 4,4 45,-27 3,-11
10317,87 -8,-2 -39,20 3,11 27,-9 17,-20
10328,54 -14,1 5,15 9,-16
10342,105 -6,-4 -4,6 6,6 4,-8
10345,66 -11,12 5,9 11,-15 -5,-6
10402,118 12,-1 -8,-18 -13,8 9,11
10459,122 7,-17 -8,-22 -15,13 1,9 -19,-4 11,17 23,4
10424,83 -6,-3 -7,13 13,-10
10478,-18 6,4 16,-14 -9,-4 -21,11 -25,2 9,21 24,-20
10447,-33 12,-14 -23,-19 -10,20 21,13
10374,-35 -28,-1 9,13 17,-5 2,-7
10821,-300 -15,-23 -20,14 -4,-7 -21,-5 -5,29 11,35 17,4 38,-17 7,-13 -8,-17
10747,-290 -5,6 8,0 -3,-6
10689,-301 -15,8 17,0 -2,-8
10525,-664 -13,2 14,10 -1,-12
9748,147 45,-50 -11,-41 -13,4 -9,23 -20,12 -32,48 17,-1 11,12 12,-7
10237,-548 -26,16 26,-5 0,-11
10042,-318 4,-15 -11,10 -14,24 -1,20 25,-21 -3,-18
10021,-274 -20,-8 -2,29 22,-21
9984,-234 -23,8 -7,10 3,13 12,-3 15,-28
9916,-178 -33,17 -23,41 8,23 25,2 34,-68 0,-11 -11,-4
9846,-53 -15,0 12,30 -11,23 10,-2 13,-24 -9,-27
9734,208 -23,14 18,-2 5,-12
9646,236 -65,29 -9,18 9,9 9,-3 52,-38 4,-15
9536,581 -14,8 14,-1 0,-7
11139,242 -8,2 2,33 6,-35
11714,717 -6,-6 -2,15 21,9 0,-13 -13,-5
3201,4620 -45,6 -5,11 13,-10 37,-7
2292,5883 -38,-14 -13,17 -35,8 40,3 19,12 26,-10 10,-16 -9,0
2334,5855 -28,6 10,7 17,-3 1,-10
3581,6518 5,-10 -8,-10 -25,17 28,3
4271,6670 -25,7 17,1 8,-8
2688,7865 -47,13 17,3 43,-11 -13,-5
2905,7891 59,1 -33,-7 -142,0 62,12 54,-6
5005,8007 -49,9 69,6 7,-5 -27,-10
5141,7994 -132,4 85,11 32,-4 -2,-6 17,-5
3252,8012 -104,-1 215,11 -111,-10
5781,8155 75,-13 -70,-5 16,-12 -57,-11 -63,10 -31,-7 -79,2 -25,12 69,-1 93,24 72,1
5472,8112 175,-12 122,-21 -137,-16 -165,11 -60,7 -2,6 32,3 35,22
5076,8105 -39,7 51,3 7,-4 -19,-6
5862,8104 31,-21 -29,-6 -70,2 -73,23 84,10 57,-8
6365,8161 -154,7 160,1 7,-4 -13,-4
5830,8172 -38,-1 22,12 127,0 -5,-7 -106,-4
1874,8030 -22,-5 -36,4 13,7 45,-6
1125,7861 1,-7 56,-10 30,-21 -100,23 -49,29 -7,15 40,-5 29,-24
1922,7439 -12,-4 -30,14 38,3 10,-6 -6,-7
5314,7124 7,-8 -16,-13 7,-5 -10,-1 -28,21 -50,14 49,8 41,-16
7466,7287 -56,15 31,11 55,-7 -22,-3 -9,-6 1,-10
7551,7346 -13,2 19,6 48,1 -22,-9 -32,0
7675,7345 -67,7 17,4 50,-11
7763,7229 -76,3 51,25 37,6 61,-15 -73,-19
7950,7272 -62,3 -25,10 53,25 38,-18 -4,-20
8355,7407 -73,2 33,6 40,-8
8476,7446 -5,-6 -32,5 48,7 -11,-6
8665,7498 47,-4 -19,-11 -54,2 -13,4 7,5 32,4
8217,7542 5,-7 -17,-1 -7,-9 -48,12 21,8 22,-4 -2,9 11,1 15,1 0,-10
9653,7628 6,-6 -24,-1 -5,-9 -99,9 7,8 115,-1
9759,7660 -16,-1 -12,10 28,-9
9628,7703 -101,-1 126,19 3,-8 -28,-10
8951,7719 -37,4 48,8 4,-6 -15,-6
7625,7965 134,-15 -94,-1 -50,9 -10,6 20,1
8003,8085 -105,0 24,11 59,1 62,-4 -40,-8
9157,8114 -35,-8 -124,5 -8,6 167,-3
10770,7813 -22,-7 -106,8 109,5 19,-6
10627,7821 -25,1 4,4 40,8 26,-5 -45,-8
10742,7724 -15,5 10,6 31,-8 -26,-3
11248,7662 18,-11 -13,-6 -56,18 51,-1
12026,7309 -47,-5 -15,8 33,5 29,-8
12454,7385 -20,8 30,-3 -10,-5
13595,7541 -50,-2 25,45 47,-23 -19,-9 4,-8 -7,-3
14915,7666 -75,-1 32,10 69,3 -26,-12
13620,7391 -8,-3 -73,37 65,-16 22,-10 -6,-8
13796,7151 -25,-9 -65,11 76,6 14,-8
16072,7082 -21,0 -7,10 28,-10
16920,6958 -85,8 -56,18 27,14 30,4 102,-14 4,-10 -9,-1 -13,-19
16363,5860 -16,-9 -4,7 30,22 3,21 81,21 9,-25 -4,-8 -99,-29
16665,5484 -1,-15 -89,60 18,6 35,-4 -3,-14 40,-33
15641,5066 -24,7 29,13 2,-11 -7,-9
15592,5030 -52,-26 -16,5 -4,17 48,14 20,28 22,9 0,-21 -18,-26
15408,4879 -9,-2 14,13 10,-1 -15,-10
15565,5082 -10,-1 -8,10 17,0 1,-9
15200,4690 -18,-11 -11,6 16,2 42,27 -29,-24
14969,4564 -24,-5 22,25 64,36 24,1 -86,-57
14860,4532 -34,-10 -35,-23 -25,-1 -45,-43 -31,-15 35,46 63,37 4,15 14,-12 26,2 45,25 7,-17 -24,-4
15059,5902 -12,3 20,11 6,-6 -14,-8
13794,5509 27,-6 -49,-37 -26,21 -23,-8 35,41 36,-11
13718,5510 -12,-17 -35,3 47,14
14671,4374 -10,0 1,7 21,5 7,-6 -19,-6
14621,4450 36,-6 -5,-7 -61,-27 -32,-25 -4,-19 -11,8 2,13 29,20 36,43 10,0
12429,2452 -5,-16 -11,-1 -5,9 13,2 9,13 -1,-7
12389,2428 -21,4 9,9 17,-5 -5,-8
12545,2474 -18,-1 1,14 17,-13
12826,2665 -39,-21 3,-11 -11,-7 1,-11 -15,-6 8,34 22,16 -4,10 19,-2 16,21 7,-7 -7,-16
12900,2772 -10,1 1,17 9,-18
12945,2821 -8,-8 -21,12 53,27 2,-9 -26,-22
12932,2810 -9,0 -4,9 13,-9
13062,3026 -17,0 -6,13 11,8 14,-8 -2,-13
13096,3040 -9,-1 0,5 19,39 -10,-43
12867,3278 17,-2 5,-11 -20,-5 -2,18
13008,3223 -12,1 5,28 16,2 3,-20 -12,-11
13038,3242 -14,4 22,6 -8,-10
13337,3620 -13,-2 -3,11 9,5 7,-14
13834,3782 -11,1 9,14 -7,11 25,24 -5,-24 12,-1 -7,-17 -16,-8
13948,4208 -5,12 13,4 -8,-16
14107,4533 -4,-6 -6,19 9,-1 1,-12
14130,4512 -17,9 12,2 5,-11
13946,3473 -7,-4 -2,9 9,-5
13493,3429 -11,-9 -15,9 33,25 -9,-14 2,-11
12908,3284 -8,11 11,18 7,-14 -10,-15
12949,3322 -12,-4 9,15 11,3 -8,-14
12980,3375 -12,-1 4,12 8,-11
12928,3412 -7,-4 -2,6 2,18 13,-4 -6,-16
12939,3435 -2,-4 -10,6 6,24 12,8 3,-15 -9,-19
13258,3411 -12,-2 8,8 4,-6
13227,3394 17,-3 -8,-6 -15,2 6,7
11841,2452 2,-11 -13,3 11,8
11818,2450 -3,-6 -7,6 2,5 8,-5
12874,3480 -9,-6 -16,12 23,15 2,-21
12807,3481 -1,-10 -18,2 -5,15 8,4 16,-11
12633,3322 -16,9 17,15 42,9 17,-11 -22,-17 -38,-5
12623,3437 -11,7 13,12 10,-1 3,-5 -15,-13
12652,3774 -1,-14 -5,1 -9,16 4,5 11,-8
12186,3149 -34,6 -31,26 25,-5 40,-27
12230,2996 -27,5 -6,13 31,-7 2,-11
12240,2989 -3,-4 -4,8 7,-4
11982,2546 -12,-3 2,21 12,-5 -2,-13
11039,2109 13,-1 -2,-11 -22,3 11,9
10760,2122 -19,-13 7,18 12,-5
10752,2093 -12,-3 15,13 -3,-10
10703,2075 -12,7 4,5 11,-5 -3,-7
10687,2082 -10,4 3,7 7,-11
10662,868 -5,2 9,7 -4,-9
10406,1039 -4,-36 -17,34 21,2
10261,1168 -2,-11 -6,4 8,7
10243,1199 -13,-1 -2,17 15,-16
10397,133 -15,-6 -17,6 17,12 15,-12
10422,273 -9,4 5,10 4,-14
10029,530 -10,-2 5,19 10,-6 -5,-11
9985,647 7,-11 -18,-10 -9,16 20,5
9966,652 -5,8 4,11 1,-19
10007,959 -2,-13 -9,-4 -2,14 13,3
9859,793 -6,18 7,-5 -1,-13
9841,790 -11,-12 2,39 11,-8 -2,-19
9831,905 -6,-1 5,10 1,-9
9389,683 -6,-8 -17,27 3,16 13,6 11,-27 -4,-14
9373,736 -9,-10 -4,6 9,9 4,-5
9314,825 -8,2 4,8 4,-10
9344,788 -7,0 -4,13 11,-13
9354,806 -6,-4 1,20 5,-16
9279,914 -7,2 4,8 3,-10
9250,1056 -13,-1 -2,20 16,15 6,-20 -7,-14
9269,1138 -10,1 5,12 5,-13
9302,1204 4,-14 -11,10 7,4
9272,1154 -19,33 15,32 11,4 -7,31 14,82 20,18 1,-32 -18,-28 8,-9 2,-31 -13,-10 1,-26 -12,-19 5,-12 -8,-33
9854,1096 -6,2 5,11 1,-13
9821,1095 6,-21 -11,16 -8,-1 13,6
9818,993 -6,-5 2,9 15,8 -11,-12
9852,1190 -5,18 14,-12 -9,-6
9855,1174 -2,-20 -10,3 -5,22 14,2 3,-7
9814,1215 -10,8 3,6 7,-14
9807,1239 -7,-11 -6,7 13,4
9841,1260 5,-13 -14,-13 -1,34 10,-8
9832,1310 -1,-17 -6,26 7,-9
9757,1625 -9,6 -1,15 7,4 3,-25
9481,1582 -8,0 10,11 -2,-11
9448,1595 -7,-10 -2,14 21,22 -3,-19 -9,-7
9369,1868 -20,19 25,0 -5,-19
9349,1989 2,-14 -9,13 -1,7 8,-6
9301,1992 1,-9 -4,4 -6,22 9,-17
9371,1956 23,-13 -4,-10 -14,0 -12,16 7,7
9187,2183 -3,-8 -2,6 3,12 2,-10
9195,2151 -9,2 0,18 9,-3 0,-17
9115,2217 -11,-6 4,41 10,-24 -3,-11
9156,2238 -9,0 -6,9 5,15 10,-24
9078,2209 -27,-2 17,26 -18,51 17,-3 20,-32 -9,-40
7988,905 2,-7 -15,12 13,-5
-896,7084 -14,2 76,28 34,4 2,-6 -2,-8 -96,-20
-15558,1901 -10,-4 -20,10 -1,31 -16,37 23,27 -7,15 6,11 63,-29 13,-24 27,-23 -25,-20 -26,-6 -27,-25
-15722,2121 51,-5 -15,-10 -43,5 7,10
-15649,2093 21,2 29,-19 -12,-11 -30,-4 -7,19 -21,10 3,13 17,-10
-16018,2184 -6,-4 2,10 17,10 -13,-16
-15780,2146 8,0 8,-15 -5,-3 -29,10 0,-6 -13,0 -16,27 31,11 16,-24
-15937,2193 -24,-2 -18,13 21,18 23,0 5,-11 -7,-18
-15685,2077 -12,-1 -8,15 17,0 7,-8 -4,-6
17945,5137 -17,0 -63,27 26,-2 54,-25
17973,5191 -18,-2 -5,9 13,5 15,-6 -5,-6
17742,5188 -9,-4 -8,6 27,12 4,9 11,-1 -7,-15 -18,-7
17372,5236 -32,5 38,9 -6,-14
17281,5301 29,-1 34,-15 -50,-10 -45,19 32,7
-17274,6046 51,-16 -40,3 -44,16 15,12 18,-15
-17016,5718 -11,-4 -12,6 27,4 -4,-6
-16033,5534 -1,-8 -18,7 19,1
-16069,5531 14,7 -3,-7 9,-13 -30,-4 -5,20 11,7 4,-10
-16230,5485 -14,8 17,5 -3,-13
-16255,5440 -18,0 -9,9 27,-9
-15987,5513 -36,-21 6,20 28,15 2,-14
-15952,5515 -1,-9 -12,2 8,14 5,-7
-16969,5285 -3,-6 -27,4 30,2
-17073,5258 -10,2 15,10 9,-3 -14,-9
-16584,5407 -20,-2 -7,9 22,7 20,-11 -15,-3
-16556,5414 -9,11 10,3 14,-8 -15,-6
-16797,5334 -30,-10 -24,-20 -58,-21 29,21 11,19 31,5 -2,13 11,9 30,6 16,-5 -14,-17
-16662,5390 12,-2 13,12 14,-7 -32,-20 24,-3 -46,-22 -75,-20 -29,4 67,21 13,17 20,-5 3,8 -32,8 6,13 37,7 5,-11
-16621,5372 -4,5 14,7 -10,-12
-17247,5227 -15,0 15,12 16,-6 -16,-6
-17355,5214 53,-6 -82,-3 -15,7 44,2
-17468,5204 -61,-2 99,20 4,5 -17,5 26,10 15,-9 -16,-13 6,-7 -56,-9
-17601,5181 -20,2 2,6 18,-8
-17629,5179 -6,-6 -6,11 12,-5
-17659,5187 15,-5 -1,-8 -51,-14 8,19 15,5 3,15 15,-5 -4,-7
-17602,5200 -16,6 10,4 10,-7 -4,-3
-17715,5172 -52,-2 41,10 13,13 7,-3 -9,-18
-17788,5165 -18,2 7,9 -20,12 23,4 31,-9 -23,-18
7371,-5314 -25,-4 -21,20 59,-13 -13,-3
6928,-4906 -6,-1 -5,19 20,-1 3,-6 -12,-11
5184,-4644 -18,7 8,4 10,-11
3786,-4694 -27,3 20,7 10,-6 -3,-4
2784,3593 -13,3 0,21 20,18 32,8 -14,-36 -25,-14
2717,3547 -3,-6 -4,5 -3,14 15,22 -6,-19 7,-15 -6,-1
2786,3655 -7,6 7,3 0,-9
2702,3696 -10,-2 -3,15 13,-13
2695,3673 26,17 14,-3 -40,-14
2555,3697 -9,-4 -10,14 17,13 6,-5 -4,-18
2528,3707 -8,-8 -10,4 13,12 5,-8
2548,3639 -11,-3 4,11 7,-8
2538,3667 -12,9 15,-4 -3,-5
2683,3781 23,-10 -22,-7 -26,8 25,9
2603,3753 6,11 26,3 -32,-14
2586,3679 -12,0 26,15 7,-4 -21,-11
2646,3659 -19,-4 10,9 9,-5
2436,3758 -7,-5 -1,7 10,8 -2,-10
2444,3734 -6,-3 -1,11 6,6 1,-14
2454,3676 -1,-8 -20,-2 3,8 18,2
2499,3776 -3,-7 -26,27 26,-6 3,-14
2526,3760 -10,-5 -16,13 26,-8
2472,3692 -4,10 8,-7 -4,-3
2609,3822 -9,-6 -11,8 10,11 -14,22 31,-3 -7,-32
2641,3933 19,-28 -11,2 6,-8 -8,-2 -36,11 16,12 -20,-10 -23,10 33,17 24,-4
2378,3911 -12,-1 -7,11 19,-10
2468,3881 -14,-2 -5,19 19,-17
2568,4043 -11,-3 -12,8 12,4 11,-9
2544,3998 -8,-17 -11,8 -19,-4 0,15 22,-4 17,7 -1,-5
2477,4061 -12,-3 -13,11 20,10 5,-18
2597,4014 -30,0 25,10 5,-10
-1612,1106 -12,5 17,9 -5,-14
-1637,1971 -7,-10 -4,10 14,16 -3,-16
-1719,3287 50,-11 -15,-11 -18,1 -20,11 3,10
-1590,1108 -6,-2 2,13 4,-11
-1634,2838 -8,-23 -24,-14 -24,33 78,24 -22,-20
-1371,2891 -15,-4 7,19 33,18 -2,-23 -23,-10
-1420,2817 -13,-11 -16,4 26,12 23,49 14,3 3,-15 -10,-34 -27,-8
-1253,744 -42,13 33,7 11,-6 -2,-14
-1540,2815 -4,-34 -21,-5 -16,13 13,26 28,0
-1573,1122 -5,-3 2,8 10,2 -7,-7
-2517,1695 -14,-1 -3,15 30,9 6,-8 -19,-15
-2489,1682 -20,1 15,9 5,-10
-1718,2802 -15,10 7,8 16,-9 -8,-9
-1590,1147 -12,1 6,12 6,-13
-1599,1188 -5,-12 -11,9 16,3
-1789,2781 -9,-16 -18,11 27,5
-2292,1624 23,-7 -2,-13 -11,-5 -14,5 4,20
-2431,1486 -13,-3 -6,15 17,4 2,-16
-1783,2849 -17,27 7,8 13,1 8,-13 -11,-23
-2409,1662 6,-5 -21,3 -8,-11 -8,13 2,6 29,-6
-2289,1666 -3,-5 -6,9 5,14 4,-18
-2318,1514 -7,4 4,14 9,-5 -6,-13
-2345,1501 -6,-9 -19,4 -8,12 3,25 30,-32
4448,-1208 3,-28 -29,19 26,9
4379,-1231 7,-6 -20,3 -3,9 16,-6
4518,-1298 -11,8 2,25 13,-10 -4,-23
4347,-1190 -24,15 7,38 9,-4 8,-49
3971,-798 -11,4 31,29 -8,-25 -12,-8
3950,-617 7,-22 -9,-6 -30,28 1,24 12,21 19,-45
5765,-2048 -27,-2 -6,7 10,25 24,19 13,-22 -14,-27
5580,-2134 -24,-2 -20,9 -13,21 8,16 35,-1 18,-23 -4,-20
4834,-1336 -13,-3 -2,13 12,6 3,-16
4994,-1690 -12,-19 4,16 16,24 -8,-21
-569,-1600 -9,0 7,9 2,-9
3986,-491 -1,-35 -10,-18 -10,7 2,44 19,2
5554,-469 0,-10 -16,18 8,5 8,-13
874,376 17,0 4,-13 -25,-41 -22,4 -1,19 11,3 16,28
666,12 -14,-5 -5,16 6,11 16,7 6,-17 -9,-12
743,157 -10,3 8,10 2,-13
730,442 -16,-3 9,14 10,-4 -3,-7
-4413,-2314 -23,-3 12,10 11,-7
-4858,-2640 -9,11 13,12 4,-5 -8,-18
-4849,-2777 -7,-4 2,24 12,17 -7,-37
-4526,-2389 0,-5 -19,4 15,17 4,-16
1128,3475 -16,-7 14,14 2,-7
1096,3372 -24,2 2,15 28,-7 -6,-10
-441,5418 -20,-12 -18,1 9,15 27,19 9,-14 -7,-9
-511,5545 -22,3 -4,19 18,2 8,-24
-578,5634 -53,-5 12,7 5,13 -18,8 22,8 34,-16 -2,-15
-613,5593 4,-27 -22,-5 1,17 -19,-8 8,15 28,8
-597,5581 -7,0 -3,8 16,8 -3,8 21,7 -24,-31
-104,6051 -12,9 7,12 10,-3 -5,-18
-131,6054 15,-12 11,2 -25,-56 -6,3 7,24 -38,13 30,5 -8,14 -12,3 21,11 5,-7
-78,6081 -5,-13 -9,2 0,11 14,0
-317,5879 -11,-1 -11,13 12,-1 10,-11
-420,5332 15,-1 -3,-5 -29,-13 -18,13 -2,13 26,3 11,-10
-255,5923 -11,0 6,6 19,1 -14,-7
-293,5874 -11,8 14,1 -3,-9
-306,5903 30,-7 -7,-7 -37,4 -4,7 -11,-1 4,14 26,-3 -1,-7
-662,6181 -5,-4 -22,13 27,-9
-670,6144 -24,19 20,-6 4,-13
-719,6214 12,-7 -11,-3 -24,10 23,0
-663,6223 -2,-14 -19,3 11,-17 -28,14 -16,19 21,4 33,-9
-273,5919 -9,-3 -23,16 7,3 25,-16
-641,6226 -4,-7 -9,2 -1,15 14,-10
-620,5836 -13,-17 -22,-10 15,-1 -2,-6 -54,-27 -12,6 22,11 -20,8 7,5 -10,5 6,12 30,-3 -5,11 54,20 4,-14
-628,5696 -15,6 11,3 4,-9
-614,5751 0,-20 47,-6 -28,-20 -6,0 -3,15 -28,0 -12,13 -32,11 40,23 11,-2 11,-14
-721,5768 12,-5 -9,-10 -34,7 31,8
-725,5712 -13,1 -3,25 14,-1 2,-25
-995,5391 -32,7 27,2 5,-9
-742,5697 -12,0 9,5 3,-5
2199,6034 -17,4 1,9 16,-13
1966,6019 -8,-5 -6,4 11,7 3,-6
1999,6035 25,-7 -5,-9 -15,-1 -1,-9 -29,1 -5,17 16,-5 -3,17 17,-4
2122,6324 20,1 -17,-10 -17,13 14,-4
1916,5792 -2,-6 -10,5 10,7 19,-2 -17,-4
1653,5629 -10,-5 -3,7 1,26 59,75 12,0 -59,-103
1509,5502 -41,8 4,14 5,6 36,-16 -4,-12
1371,5438 0,-10 -23,6 -11,-9 -21,12 2,17 24,16 24,-14 -8,-10 13,-8
1255,5497 -43,-6 15,15 28,-9
1267,5560 -12,-4 -3,6 10,6 5,-8
1136,5489 38,-8 3,-13 -31,-5 -42,14 2,17 30,-5
1006,5489 -26,2 -3,15 23,-7 6,-10
1073,5475 -11,10 33,31 -22,-41
1061,5578 -8,0 2,21 11,-11 -5,-10
1128,5442 -27,5 8,6 19,-11
1105,5725 -18,1 22,7 8,-1 -12,-7
831,5479 -1,12 10,15 -2,-16 25,-1 -32,-10
-118,4590 -4,-8 -17,23 21,-15
-106,5069 -19,-10 -31,8 25,10 25,-8
489,5307 -10,-7 -8,4 18,14 0,-11
1040,4286 2,-15 -31,7 29,8
848,3907 -6,-10 -6,13 12,-3
829,4104 -8,-4 6,10 7,0 -5,-6
429,3984 -42,12 -2,10 37,-3 7,-19
159,3867 -19,4 3,6 16,-10
145,3892 -4,-6 -19,4 13,18 26,1 -16,-17
-3114,3941 -14,-2 2,11 12,-2 0,-7
-2707,3864 -23,2 -9,11 26,2 9,-5 -3,-10
-2864,3852 -20,8 14,4 6,-12
-2815,3845 9,-4 -17,-2 -22,2 -10,11 15,3 25,-10
-2565,3784 47,0 -7,-11 -19,-1 -29,4 -12,13 20,-5
1457,3585 -13,-3 -9,5 0,11 22,-13
1481,4498 -12,-2 -25,14 13,13 24,-25
1483,4476 -17,4 9,5 8,-9
1519,4434 -28,15 -17,21 45,-36
1537,4397 7,-7 -7,1 -10,10 10,-4
1449,4466 -18,24 2,26 14,-19 2,-31
1761,4277 13,-7 -40,9 27,-2
2061,3838 2,-11 16,-13 -3,-7 -24,4 -7,12 -10,-5 21,30 5,-10
2089,3781 10,-10 -17,-5 -20,19 7,8 20,-12
2069,3861 -14,-3 14,26 0,-23
2008,3943 2,-5 -22,8 -23,31 27,0 -7,-10 11,-20 12,-4
2355,3793 -13,0 6,6 7,-6
2305,3619 -14,3 4,16 15,-13 -5,-6
395,5174 12,-9 -12,-2 -25,8 25,3
-5101,6955 -22,0 -12,30 26,7 41,-7 -23,-9 -10,-21
-3703,6553 -16,0 -3,17 27,-4 -8,-13
-5353,7104 -43,9 38,17 15,-15 -10,-11
-5502,7279 -55,-23 -65,16 102,12 18,-5
-5168,7086 -47,4 18,8 34,-9 -5,-3
-4627,6078 -11,-12 -41,12 59,16 -7,-16
-12609,4935 3,-9 -17,4 2,8 12,-3
-12240,4740 -11,-4 2,13 9,-9
-12250,4759 -8,3 3,8 5,-11
-12278,4867 -12,-1 1,-7 -11,6 22,2
-12282,4843 -10,3 1,8 9,-11
-12301,4850 -13,1 -2,10 15,-11
-12257,4816 4,-13 3,5 13,-9 -1,-7 -18,7 -19,25 12,14 9,-6 -16,-9 13,-7
-12415,4953 -50,23 23,-3 27,-20
-12344,4875 -8,0 -6,18 14,-18
-12498,5003 -1,19 8,-14 -7,-5
-12664,4961 -30,11 2,12 18,0 10,-23
-12519,5010 -17,21 6,10 23,-19 -12,-12
-11835,3283 -12,1 -12,17 24,-18
-11824,2894 -4,-4 -12,21 3,8 13,-25
-12005,3392 -12,0 -8,9 18,2 9,-6 -7,-5
-11988,3408 33,-5 -26,-6 -7,11
-11835,3339 5,-8 -15,1 -12,14 22,-7
-7419,4052 0,9 12,4 -12,-13
-6473,3229 -13,-2 17,12 -4,-10
-7051,4138 -32,-2 21,10 11,-8
-7124,4149 -11,-2 12,18 -1,-16
-6998,4127 -25,2 19,11 6,-13
-7554,3524 -15,-2 15,6 4,49 5,-21 -9,-32
-9735,2730 5,22 24,30 -29,-52
-9717,2616 -23,66 1,38 22,-104
-8491,2964 -21,-1 38,10 -17,-9
-8142,3097 -4,-24 -3,17 7,7
-8923,3008 -11,-2 15,11 -4,-9
-9179,2950 -22,11 14,3 11,-7 -3,-7
-7766,2425 -10,-9 8,-4 7,10 5,-8 4,-27 -6,-13 -19,1 -8,29 -15,18 34,3
-7767,2195 -25,14 29,-4 -4,-10
-7803,2229 -24,13 12,1 12,-14
-7863,2255 28,-1 7,-8 -27,0 -12,5 4,4
-7723,2590 -17,13 15,13 1,40 -27,29 -43,5 41,0 46,-37 3,-20 -13,-9 -6,-34
-7406,2272 -4,-5 -17,4 -4,13 25,-12
-7443,2407 -12,-10 2,14 10,-4
-7303,2119 -14,-21 -51,0 0,12 16,9 29,-4 17,16 3,-12
-7421,2221 -7,-3 2,6 35,29 -4,19 10,1 2,-19 -38,-33
-7665,2549 52,-35 -4,-49 -15,17 11,0 5,30 -21,19 -41,12 7,14 6,-8
-7566,2345 -38,15 3,7 35,-22
-7484,2290 -13,17 -25,10 9,10 -18,40 25,-52 21,-15 1,-10
-7531,2420 1,-5 -20,-1 9,13 -31,42 41,-49
-7788,2213 -16,7 4,10 12,-17
-8204,2645 -10,0 -6,10 16,-10
-7774,2471 0,-25 -30,-17 -10,20 -12,-1 -18,15 12,-4 8,6 -6,10 12,17 2,28 19,-12 23,-37
-8157,2460 -6,-1 7,10 -1,-9
-8256,2157 -40,-13 -22,15 21,0 -11,20 9,15 27,-5 16,-32
-7849,2673 55,1 2,-5 -83,-19 -24,19 19,-11 17,8 3,14 11,-7
-8038,2514 -20,-19 23,35 9,5 -12,-21
-9168,1868 -14,0 28,8 -14,-8
-8137,1935 26,-5 -30,-2 -1,9 5,-2
-8694,2030 -5,-3 -3,11 4,11 22,9 -18,-28
-6263,1724 -21,13 5,3 16,-16
-6090,1382 -5,-10 -12,15 16,22 1,-27
-6083,1449 -3,-6 -20,4 5,13 -13,5 -7,20 8,2 20,-12 10,-26
-6101,1013 -89,-6 40,20 2,33 -17,12 57,11 16,1 -11,-17 6,-35 -4,-19
-6820,1214 -5,-11 -12,27 15,-7 2,-9
-6076,1118 -4,3 9,7 18,4 -23,-14
-6215,1674 -7,-4 3,11 4,-7
-5949,1308 -12,2 -4,20 22,-15 -6,-7
-6385,1113 3,-13 -10,-11 -48,9 19,11 18,-9 14,17 4,-4
-6300,1822 -16,-5 13,10 3,-5
-6172,1201 -6,0 7,18 10,3 -2,-17 -9,-4
-6175,1757 -9,3 -1,11 10,-5 0,-9
-6123,1589 -8,1 6,11 2,-12
-6172,1704 -14,-3 -3,9 7,7 14,-7 -4,-6
-6128,1525 -10,-2 -8,40 18,-10 0,-28
-6133,1623 -19,0 5,28 30,-25 -16,-3
-6159,1601 -8,-5 -9,10 1,30 20,-9 -4,-26
-6117,1316 -11,5 1,8 13,7 -3,-20
-7304,2243 29,-10 -41,5 3,8 9,-3
-6875,1206 -25,8 -16,24 41,-32
-7166,2176 -19,8 18,-1 1,-7
-7292,2151 -13,-5 -1,5 6,5 8,-5
-7188,2184 -13,11 8,0 5,-11
-7233,2185 19,-6 -19,-3 0,9
-16092,5858 -15,-1 -6,10 42,13 -21,-22
-15301,5713 -28,-13 -8,5 9,13 35,-1 -8,-4
-15202,6036 6,14 6,-1 -12,-13
-15248,5848 -16,6 27,7 -11,-13
-15557,5582 -17,1 14,9 3,-10
-15468,5644 -9,-2 4,8 29,7 -24,-13
-15421,5651 -11,6 21,3 -10,-9
-14639,6045 29,-4 -50,-14 -10,13 14,8 17,-3
-14512,6034 -16,0 15,6 1,-6
-14456,5982 11,13 21,7 -32,-20
-14774,5981 -11,-1 3,10 64,46 22,-7 -58,-42 -20,-6
-14802,6006 -25,-1 19,10 17,-6 -11,-3
-14766,6045 -7,-23 -9,-4 -7,12 10,16 13,-1
-14793,6083 -20,1 9,8 11,-9
-13286,5489 24,0 -9,-21 -10,3 -44,46 -17,4 -1,9 13,3 20,-12 24,-32
-13399,5684 25,-19 -11,-7 -10,-45 -24,-5 -5,12 4,21 11,5 -20,12 -8,26 23,9 15,-9
-13330,5554 2,-4 -37,-23 1,14 -10,9 44,4
-13134,5508 11,-18 -22,1 2,9 -16,2 1,23 18,-4 6,-13
-13275,5652 -20,5 11,22 27,-21 -18,-6
-13211,5611 -2,-17 -24,0 -8,12 -21,2 -4,12 32,30 31,-26 -4,-13
-13278,5625 -26,12 14,8 25,-2 0,-12 -13,-6
-13431,5823 -35,6 14,4 21,-10
-12894,5251 -3,-5 -18,15 -11,19 27,-14 5,-15
-13093,5448 2,15 15,-2 -17,-13
-13103,5196 -7,5 0,14 9,-6 -2,-13
-13024,5396 -14,-12 -25,10 -4,-9 -4,7 26,17 21,-13
-12985,5317 -67,37 12,8 45,-18 20,-19 -10,-8
-12793,5147 -16,4 -3,16 12,3 7,-23
-12837,5240 -7,-1 0,31 19,8 -12,-38
-12917,5312 -15,2 8,19 7,-21
-13904,6958 -25,2 22,5 19,-6 -16,-1
-6100,887 -6,-2 -1,10 16,12 5,-12 -14,-8
-8013,-297 -14,-3 4,25 15,8 17,-5 -18,-13 -4,-12
-5183,-143 -11,-2 26,36 0,23 13,21 29,11 10,-13 -12,-35 -55,-41
-7891,125 -8,4 9,7 -1,-11
-7812,254 -7,2 1,9 6,-11
-6082,914 -12,-3 12,10 9,-1 -9,-6
-4450,-294 -10,-10 3,25 9,7 -2,-22
-3875,-1310 -4,4 12,18 7,-11 -15,-11
-3890,-1347 -8,-5 -4,7 11,5 1,-7
-4488,-132 -14,-5 4,10 10,-5
-4974,27 4,-5 -22,-24 -42,6 7,19 53,4
-5030,194 -16,-3 -3,22 15,1 4,-20
-5065,-13 -28,-20 -11,10 4,12 16,6 17,-1 2,-7
-4944,-11 -39,2 33,17 13,-8 -7,-11
-5043,14 -2,-15 -18,6 2,16 16,12 8,26 4,-33 -10,-12
-5015,39 -11,-3 -2,16 22,12 2,-12 -11,-13
-9033,-77 -21,9 1,10 26,9 8,-5 0,-12 -14,-11
-8942,-91 -12,-4 -7,6 32,20 -13,-22
-8160,733 -25,12 4,14 8,3 13,-29
-9142,-46 -19,2 -4,16 19,2 4,-20
-9042,-134 -10,4 4,8 10,-7 -4,-5
-9127,2 9,-24 21,-20 1,-17 16,-16 -11,-19 -22,-8 -24,0 -13,16 38,30 -25,27 -6,27 -17,2 24,13 9,-11
-9058,-33 -29,6 9,11 23,-12 -3,-5
-10928,-2714 -16,-3 5,10 17,-3 -6,-4
-10650,2161 -3,-8 -8,3 -3,14 14,-9
-11092,1874 -6,-2 -6,11 5,3 7,-12
-11057,2500 3,-11 -5,2 -11,17 13,-8
-11315,2905 -35,26 -9,26 17,-8 5,-15 17,-4 5,-25
-11517,2807 -18,3 12,27 6,-30
-11170,2439 -31,14 15,1 16,-15
-11110,2602 -12,-18 4,20 9,4 -1,-6
-11220,2901 -8,-24 -23,8 9,35 14,4 8,-23
-11206,2455 -24,24 14,50 -3,-45 13,-29
16698,-4518 4,-12 -13,6 9,6
12431,1061 3,10 4,-8 -7,-2
12528,998 -15,17 10,-3 5,-14
12294,741 -13,-9 1,11 12,-2
12578,696 -10,11 4,12 6,-23
12461,1149 -13,0 -12,18 15,2 10,-20
12485,1160 -7,-2 -5,14 12,-12
13468,-675 -5,4 11,9 -6,-13
12799,-294 -5,-8 -10,2 15,6
12363,-527 -5,-10 -4,10 9,0
12078,-712 -14,0 -1,10 15,-10
12298,-855 -3,-5 -5,7 11,8 14,-3 -17,-7
11756,-837 -7,2 0,17 18,3 -11,-22
7002,6650 -17,-1 -38,23 61,-2 3,-13 -9,-7
9685,7620 -11,1 10,13 21,-4 -20,-10
10014,7961 -22,-1 4,9 11,1 23,-3 -16,-6
16147,6890 -1,10 -32,11 2,22 -8,8 43,23 11,-5 -1,-9 -26,-13 5,-26 12,-14 -5,-7
12642,3649 -2,-6 -6,4 -2,14 10,-12
12491,3954 -6,2 8,5 -2,-7
12125,2809 -12,-3 0,8 7,6 5,-11
11279,2160 -8,10 7,7 8,-2 -7,-15
11264,2164 -12,-2 13,9 -1,-7
11400,2221 -16,3 20,9 -4,-12
10332,1072 -4,-4 -6,10 10,-6
-8659,7101 95,14 54,0 10,-1 -7,-6 8,-5 17,0 16,49 -4,11 -64,7 -57,29 59,24 104,-19 -56,27 22,7 -72,4 -27,19 -4,11 8,14 31,9 100,-15 -120,31 44,23 60,12 64,-4 -12,11 49,10 75,10 106,-3 26,-10 19,-29 55,-19 1,-19 31,-16 -95,-46 62,14 -33,-24 25,-11 -23,-3 -3,-15 77,29 30,-3 -23,15 28,12 25,-14 26,8 32,-12 -1,-23 43,-16 -28,22 4,17 12,8 118,-17 -77,18 -19,11 6,10 67,16 50,1 155,-17 52,-14 13,-20 -49,-22 -38,-29 32,20 45,14 88,-2 6,-10 -11,-10 -89,-13 51,-3 -30,-46 24,12 27,31 62,12 16,-5 -49,-32 49,19 53,-31 -10,26 38,14 126,-16 38,-16 4,-12 -27,-13 -45,-2 -69,-26 32,0 30,18 27,4 37,-7 54,13 16,-6 3,-15 -12,-11 -113,-36 16,-3 30,15 15,-5 -15,-37 45,45 42,16 61,11 78,-9 72,-17 9,-11 -48,-17 -86,-12 -36,-15 128,16 6,-5 -29,-17 27,-4 51,17 -10,7 27,14 70,-29 19,-23 -9,-8 -76,5 -35,-13 -88,-13 74,7 60,-12 67,0 55,-17 1,-10 -12,-4 -114,10 -68,-4 -42,-11 62,7 59,-10 8,-3 0,-11 -13,-15 -144,8 99,-13 39,-21 120,-6 -29,-13 20,-11 -9,-15 19,6 7,-10 3,18 42,7 -6,-24 -26,-18 9,-3 50,24 -4,-11 12,-4 35,5 -3,-20 14,-9 -1,20 49,15 9,-4 -20,-10 1,-10 38,5 79,-27 -23,-7 7,-15 -69,0 34,-9 52,0 25,12 55,-15 -22,-21 -44,-20 74,13 58,-4 26,14 82,-40 -23,-9 -37,12 -22,-4 47,-14 7,-9 -28,-10 -69,10 15,-9 -13,-9 54,-20 -60,0 21,-20 -28,-19 -51,2 -29,19 4,-14 -23,-5 31,-4 -2,-39 -25,-30 -29,18 -25,-4 -20,10 8,23 -28,-28 -56,34 -29,30 22,18 33,8 40,30 -20,-3 -35,-21 -82,-8 -7,2 3,7 20,11 -40,-7 -42,15 -31,28 -20,7 2,-8 -11,-2 -23,4 12,-14 -4,-12 -65,16 18,-20 52,-24 -17,-10 -48,4 -63,28 -29,-5 53,-12 -4,-14 7,-7 32,-10 -7,-21 37,8 45,-20 -22,-9 27,-11 10,-15 14,-2 13,-25 7,18 41,-15 -8,-7 9,-6 27,17 51,-16 16,-10 -26,-12 35,0 10,-7 -13,-14 -37,-1 23,-6 20,-14 -2,-6 49,0 -12,-11 22,-2 17,-19 -15,-3 5,-42 -16,-2 -26,36 -26,16 19,-43 -5,-10 38,-31 -49,1 11,-23 -6,-7 -111,48 -1,-12 -19,4 -24,23 3,-18 -9,0 -30,24 -24,2 -63,39 13,-31 -73,31 -37,2 -5,-5 12,-10 65,-43 46,-8 -6,-8 109,-41 37,-30 30,-9 -15,-11 7,-19 -27,-4 -111,28 -119,13 -50,14 -47,35 -63,-1 -88,24 16,12 -40,-5 -64,35 38,2 23,14 -35,13 -56,2 11,16 -32,-7 -18,20 -77,38 18,18 -64,0 -4,-11 -12,-4 -6,18 -33,3 -22,19 -24,-6 28,-21 -6,-6 -37,-4 -64,6 -6,-13 -109,-15 -93,13 -26,13 -15,17 10,27 22,13 52,13 -10,16 13,9 150,-22 31,-17 -7,-16 14,-6 9,17 -44,29 63,-2 19,10 49,-1 50,15 44,-4 -19,29 -54,24 -14,16 139,56 24,30 42,10 15,13 -51,55 -60,46 5,9 -36,-6 -18,6 -6,7 10,15 -4,11 -30,1 13,-15 -28,-1 -38,17 -5,10 -19,0 15,10 -21,5 23,8 -13,3 -36,-16 -31,4 -72,-22 -35,-3 3,31 60,2 29,13 -12,16 -73,20 6,10 23,4 -28,2 -23,-11 -35,7 23,14 -73,7 -18,39 -51,-1 -79,37 -33,-20 47,-11 16,-19 -5,-9 -70,-12 -204,22 64,-26 8,-8 -8,-4 -64,21 -74,-10 -85,17 -71,-5 -157,15 -35,-7 -54,11 -18,20 10,12 -31,-8 -41,2 5,-9 -55,0 -22,-7 -101,27 -36,24 -25,30 161,-12 71,7 -73,20 -121,8 -76,20 -18,46 36,22 -20,8 0,16 50,39 13,31 47,20 5,9 99,32 131,14 140,-8 4,-9 -112,-43 -54,-39 -4,-11 35,-30 -2,-34 12,-22 120,-55 -157,-34
-6949,8302 307,-9 -42,-11 -163,-17 107,2 167,17 43,-4 32,10 48,-12 86,3 17,-4 -17,-6 55,-15 -16,-11 77,7 78,-3 40,-9 9,-6 -6,-6 -91,-24 -141,-19 -303,-23 -30,-13 -177,-20 37,-3 259,23 95,0 -5,-5 -380,-76 -92,-30 -59,2 -57,14 50,-26 -5,-5 -180,-11 149,-3 -19,-9 -59,-9 24,-6 -28,-9 -105,-7 -195,18 -27,-3 12,-2 107,-6 27,-16 -16,-10 -214,-9 -140,10 130,-27 112,-1 -5,-18 -138,7 -267,-4 70,-14 163,7 182,-29 -12,-10 -33,-8 -154,-3 123,-18 -78,-34 -204,-4 -7,-10 0,-33 -41,-15 -208,-5 -109,21 38,-16 -78,-7 22,-9 72,6 90,-12 72,5 16,-4 2,-18 10,-4 43,-6 50,10 29,-13 2,-10 -30,-18 -123,-26 -118,-13 -31,3 17,16 -14,10 -75,2 -81,23 27,-15 3,-10 -166,-2 -33,22 -6,-31 -86,-6 -97,14 -34,14 -23,-20 -67,7 -14,14 -1,-20 -90,2 -9,36 -12,-12 7,-23 -103,7 7,34 110,27 159,9 -97,30 -31,23 33,12 74,5 64,-8 79,-35 85,-10 113,8 94,45 8,10 -11,-3 -108,-43 -71,3 -37,-6 -43,6 0,20 -26,17 93,27 40,-2 -69,6 13,29 -24,-22 -57,-20 -63,-3 30,26 -99,-21 -64,5 6,24 68,35 181,14 173,-14 28,7 84,2 40,12 -69,-8 -197,10 -16,7 19,5 80,-7 -169,61 -76,6 -39,12 -20,28 12,14 19,6 259,-9 203,-54 121,-8 36,6 -89,2 -198,63 201,13 259,33 153,9 -186,8 43,22 141,26 -232,-31 -56,-28 -125,-18 -188,-8 67,19 -28,-1 -90,-5 -82,-17 -93,-2 -138,9 -7,5 16,7 119,26 196,16 -249,-11 -155,-37 -38,-1 -135,17 -20,8 9,3 269,10 154,25 -233,-21 -235,-5 -36,9 3,5 74,8 -47,8 106,17 102,3 -88,4 -183,-17 -24,6 73,17 -81,3 -66,-9 -39,7 74,19 156,9 132,18 104,-14 39,9 98,-10 60,3 -157,24 172,23 131,-12 96,-25 30,1 -42,11 21,5 311,-40 -302,54 77,13 -44,11 131,-4 -37,16 17,3 226,-10 -108,14 -33,9 27,3 241,-6 147,-34 44,7 -7,3 -149,37 272,0 114,-24 61,-5 -78,19 11,9 52,8 83,2 104,-20 -48,12 34,6 111,4 48,-10
-9431,7177 50,0 6,-3 -1,-10 73,-30 15,-27 -10,-22 62,-21 31,-25 0,-9 29,3 19,-15 -29,-5 -46,11 -19,-14 53,-6 -91,-37 58,0 40,-14 71,12 -24,-12 102,-7 -26,-3 -21,-16 -35,2 50,-18 26,-23 -10,-40 33,-21 35,22 23,53 39,24 22,1 102,-46 23,-46 -8,-10 -22,0 -13,9 -11,-5 4,-34 11,-18 70,-41 14,-18 80,30 16,32 45,27 22,37 4,23 20,10 62,0 -24,7 25,23 -53,16 -12,62 119,-1 65,-14 130,-6 -13,-11 -26,-4 45,-8 8,-16 85,-6 5,-7 -63,-24 58,-3 13,-11 -3,-8 -63,-20 -30,5 -34,-6 33,-30 21,4 -9,-17 4,-9 77,-43 -18,-43 -45,-10 -28,-21 -121,-39 -18,2 -41,34 -33,5 -3,4 9,2 -27,13 -31,6 -26,-12 37,2 52,-25 39,-39 3,-5 -7,-3 -42,8 -19,-11 -15,3 -47,11 -50,25 -111,-5 -4,-10 7,-6 68,-17 4,-7 -112,-68 -37,-10 -52,1 -77,33 -101,26 -20,-1 6,-6 -152,9 37,-13 -2,7 8,2 106,-14 95,-43 194,-15 0,-14 -25,-23 -83,-65 -71,-19 -38,12 7,-14 -49,6 -19,15 -23,-4 18,-18 -31,2 16,-18 -14,-11 -66,-11 -112,18 -5,6 -57,1 -115,32 10,-11 -6,-10 10,-8 29,-2 -11,11 118,-24 -27,-15 63,14 113,-40 1,-24 -8,-9 -67,-17 -91,2 5,-11 37,-12 -61,-4 -22,-20 24,-18 -68,19 31,-14 -17,-7 5,-6 -5,-3 -28,-3 7,-7 -5,-3 -25,1 27,-17 -60,-29 2,-14 -20,-4 2,-16 -44,-54 -25,-10 11,-8 -14,-47 0,-68 -8,-18 -9,-2 67,-35 -4,-42 21,44 94,-1 75,-141 -18,-28 -19,-12 169,32 52,-2 80,-24 96,-17 75,-34 60,-45 180,-42 46,-25 -15,-27 31,21 115,2 92,-8 60,-16 17,-26 -20,-57 28,-42 -2,-56 -13,-23 69,-60 -1,-11 -22,-10 36,-2 81,-44 22,-37 -41,-27 37,19 38,-3 26,-11 49,-41 -36,36 2,23 19,22 20,5 26,-16 14,-26 4,18 13,12 -25,28 53,48 -8,5 -3,18 -19,17 3,20 -18,18 -20,62 6,16 10,2 -14,9 7,9 -23,8 10,7 -22,9 -35,41 123,34 70,28 102,71 21,36 -2,82 -32,58 -27,26 -135,66 8,22 67,48 -10,10 13,20 38,-10 -14,10 16,12 -4,13 8,9 -30,7 14,6 -23,28 18,11 -29,10 19,18 -58,0 45,39 -1,23 23,12 -51,27 -11,45 23,15 53,14 155,-25 15,-7 -12,-7 45,13 71,-20 -1,10 93,26 83,-34 19,0 6,-10 -14,-19 26,8 28,-9 19,-15 -17,-9 34,10 23,-7 -21,-18 20,-3 -9,-7 32,-18 114,-9 29,-21 28,6 9,13 15,-4 7,-16 -24,-16 -11,-20 1,-16 11,-11 -4,-14 -99,-5 93,-11 15,-24 -11,-19 1,-15 33,-4 -18,-43 -12,-5 -13,14 -38,-20 37,-7 52,19 57,2 32,-16 15,-26 -13,-32 -68,-26 63,15 23,35 16,8 13,-18 -17,-16 31,26 7,-41 11,22 85,28 36,30 27,-13 9,-23 8,14 -12,25 19,3 -7,7 22,5 -2,5 34,4 -26,7 -6,8 9,0 10,14 10,-4 -7,16 44,-8 -37,15 -8,11 6,13 40,-1 -14,14 35,42 32,-6 8,-10 -35,-16 49,5 10,-9 -5,-23 17,8 31,-31 -20,-13 17,-3 0,-7 24,5 12,-14 -23,-11 -32,-3 72,2 -6,-4 10,-10 -7,-6 23,1 18,-21 -67,-34 33,14 8,-6 52,9 -20,-30 -45,-19 77,14 19,-18 34,-6 6,-5 -9,-9 2,-16 -52,-12 57,-7 7,-5 -13,-12 35,-7 30,-17 -4,-33 -69,2 -31,7 7,6 -20,-3 76,-27 -27,-8 7,-3 51,-6 -28,-13 35,-1 6,-17 -15,-5 26,-4 10,-9 35,7 18,-21 8,7 14,-1 -7,-14 22,-17 -43,-42 41,18 45,7 7,-11 25,-2 -40,-37 58,39 26,-5 22,-31 38,-7 44,11 13,-16 43,-13 -30,-20 -45,-4 -28,-12 -20,-18 -29,-2 -58,-20 -32,0 -24,-10 -8,-13 -26,5 30,-16 -19,-10 4,-5 -8,-7 168,71 71,11 -38,2 1,9 89,-4 29,-37 -39,-18 19,-14 49,27 31,3 57,-30 16,-26 -9,-21 9,-36 -52,-10 58,-7 3,-4 -7,-7 -23,3 34,-20 -35,-26 -96,-47 -48,1 -56,-15 -49,-3 -65,-51 -92,-53 -73,0 -91,-15 -20,13 -79,7 -53,-6 -203,8 -122,-11 -45,-22 -43,-64 -91,-15 6,-5 -71,-32 -74,-63 -135,26 116,-29 9,-7 -22,-36 -72,-60 -56,-34 -93,-24 -48,-27 -30,-8 -49,-47 -24,-3 -33,-21 -27,3 31,-10 2,-8 -73,-35 115,42 40,59 105,54 159,48 105,94 123,66 164,50 108,14 69,-8 57,-27 5,-11 -30,3 27,-15 -11,-27 -28,-6 -19,-16 -44,-18 -67,17 -77,-17 34,4 51,-15 24,-24 61,18 -5,-6 35,-6 -15,-16 -6,-20 -41,-27 49,-4 -8,-17 9,-19 9,-3 8,-31 11,-12 62,-7 9,-6 -23,-9 36,-16 19,1 22,-12 59,-1 -5,-9 27,-3 53,25 18,-21 28,3 14,-12 7,-13 -18,-7 43,-8 -227,-65 -30,4 5,-14 -6,-6 -21,3 -18,14 -10,-16 -7,10 -12,-4 -5,-11 6,-11 -58,-46 -23,-14 -14,0 -12,-18 -13,-3 -26,4 -15,23 -9,3 -6,-8 -9,7 -6,33 9,23 23,20 -28,-13 6,6 47,18 12,8 -23,-6 7,6 76,36 45,14 0,8 12,-3 -3,-17 22,-12 -4,13 9,7 72,14 -123,5 -15,-9 -12,4 4,12 51,36 -16,-3 -15,14 4,-14 -19,-17 -111,-42 -22,10 8,10 -15,-9 7,-7 -33,-16 -7,4 -36,-7 -5,8 -20,2 1,-29 12,-5 -20,-16 -65,-9 -22,-19 -9,11 -22,-5 -8,6 -8,-25 -28,8 10,10 -8,1 3,12 -20,-14 -11,-33 -16,-11 -29,-9 -4,8 -6,-10 -3,11 -8,-14 -7,6 -1,-14 -17,2 2,7 -22,-9 -9,-10 7,-4 -53,-56 -10,-24 22,-21 -22,-7 -21,-22 30,-10 12,-19 -4,-5 23,-23 43,7 -11,20 -12,4 12,1 13,-12 3,-28 -71,-15 -4,19 -47,-23 2,26 -12,-7 -12,11 -5,-34 -8,-7 -140,-10 -66,-26 -41,-27 12,31 -10,19 4,-34 -33,-38 2,-7 27,-6 -11,-61 -2,19 -16,-37 -15,-6 -2,-16 -49,-45 2,21 -23,6 -39,28 10,30 27,8 8,11 -40,-20 -12,-14 2,-16 16,-20 10,-31 22,-19 -10,-19 12,-1 3,-15 -31,-37 -24,-50 -22,-13 -12,-28 -4,25 31,55 -19,2 5,12 -13,8 7,19 -19,-8 -21,16 0,16 24,2 -19,14 -13,-5 4,11 13,3 -7,9 -9,-3 2,10 12,-2 5,9 -8,-2 -2,13 17,18 19,1 -12,3 13,10 -10,0 1,7 -10,-2 -4,-13 -11,-5 -4,6 -3,-12 -5,8 -9,-17 -15,4 14,-14 -4,-10 -9,4 6,-13 0,-41 11,-16 -18,7 -11,17 1,-7 26,-27 7,-18 -43,17 -10,13 -2,-10 -11,15 -23,-3 1,13 20,24 -1,11 -2,-11 -21,-18 -5,-20 26,-4 14,-16 36,-11 29,-20 -8,-21 -15,0 -62,48 56,-49 25,-10 -7,-4 10,-4 1,-13 -14,3 -5,-12 -31,24 48,-46 -12,-6 -23,23 -62,11 58,-16 18,-27 49,1 47,-109 -42,84 -4,-19 17,-36 -33,17 0,-13 -12,4 4,-7 -15,1 -18,-11 -12,5 -5,16 0,-27 66,1 -1,-28 8,3 2,18 13,6 9,-12 -2,-19 -39,-30 -32,5 -9,13 -16,-10 -30,10 53,-26 -12,-20 -15,-8 -29,16 10,-13 23,-8 28,5 10,-5 -8,-10 -29,-13 -40,0 -16,-11 -12,13 3,-20 -37,-25 -18,-34 -2,23 -6,-26 -40,1 -43,-20 -30,-31 -6,-17 -3,16 -4,-26 -32,-14 -21,-21 -13,2 -1,-14 -42,-17 -28,1 17,-9 -11,-13 -22,16 11,-23 -16,-11 -7,-17 -19,-6 4,-9 -13,-9 3,-9 -9,-7 8,-1 -20,-18 9,-9 -8,-9 -7,3 -8,-40 27,-101 35,-74 38,-56 -7,-22 13,-37 -15,28 0,34 -8,-18 0,24 -15,18 9,-38 70,-157 -8,-98 -3,5 -14,-26 -7,-29 -11,-10 -63,-9 -3,17 20,-5 -17,11 -26,46 -35,15 -9,17 -6,28 -9,6 13,20 -21,-14 3,41 -17,-2 0,-10 -11,3 -43,63 32,34 -24,14 -2,-26 -8,-1 -10,14 18,64 1,40 -64,56 -41,48 -34,17 -27,-4 -7,-15 -94,-23 -9,9 0,7 9,-8 -4,12 -32,24 8,17 -19,-12 -66,23 32,0 -13,9 -94,-15 21,9 -1,14 -7,-7 -10,4 -11,-20 -20,-5 3,10 -17,-13 -38,-3 21,6 -22,40 -12,-32 -77,5 -42,-7 -27,-18 -54,20 -10,1 -10,-10 -8,-14 23,-11 44,14 8,-5 -16,-11 19,-11 13,16 10,-1 5,-23 -37,-20 21,-20 33,-8 16,-14 -14,-18 -8,6 -14,-10 3,9 -17,18 -64,29 11,-11 -9,-29 -7,-4 -9,16 -20,4 -25,-17 -54,16 14,3 -10,24 -26,0 -16,19 -15,0 -7,9 -24,-14 5,-11 -18,-3 -41,4 -50,18 -66,-6 -5,9 11,14 -7,3 -10,-17 5,-12 -21,-2 -66,-29 23,17 -25,0 4,20 -28,-5 13,-33 -38,-41 -58,-32 -38,-15 22,14 -36,3 -8,-7 -19,12 11,-22 11,-3 -26,-12 -9,8 -7,-22 -32,-6 2,-8 11,3 -4,-10 -10,-11 -26,-4 14,-17 -15,-34 -33,13 8,-17 21,-5 -8,-27 12,-48 30,-46 -2,-28 -35,-74 -16,-62 -8,-145 -11,-32 10,-51 18,-30 27,-25 -10,-29 3,30 -37,46 11,-43 12,-12 40,-86 66,-75 17,-53 51,-53 -14,1 29,-13 -7,9 52,-8 38,-18 25,-35 9,0 91,26 66,4 18,14 27,6 46,5 10,-8 -3,-11 38,-7 26,16 -7,28 -11,-7 1,6 70,46 5,38 20,22 0,61 14,45 53,27 94,13 41,16 46,3 76,-15 6,10 -18,2 33,2 22,-17 0,-42 -60,-77 -2,-37 -25,-22 5,-9 21,3 -5,-14 -18,-9 0,-9 16,3 -35,-102 -21,25 3,32 -17,-12 -15,-36 22,-1 5,-12 -19,-62 7,-9 -9,-21 -2,-68 -57,-61 -1,-13 29,-13 6,9 -6,10 47,-25 43,21 21,-12 21,4 37,-7 55,2 43,17 -6,7 51,-12 51,9 41,-19 13,3 -9,4 26,-5 49,-38 -31,7 -2,-11 17,-1 17,-17 26,0 -15,15 28,-13 21,-25 -12,-18 -6,9 -7,-7 11,-8 11,-41 -30,-60 -8,-42 6,-91 -12,5 4,25 -16,-21 10,-21 -3,-27 -9,4 -6,-20 12,-4 6,-18 -22,-34 52,-98 57,-65 41,-24 3,-22 15,-2 -5,-16 16,-10 30,3 -12,18 35,-31 49,-2 93,40 55,39 47,-6 18,-11 43,-2 67,-34 98,-98 -4,-15 10,-1 2,38 -15,26 64,42 25,38 39,8 -4,28 14,47 -17,-6 26,47 61,50 51,-11 -19,-14 12,-9 26,55 83,-2 59,41 44,18 14,30 54,24 34,-10 12,-28 -28,-29 -54,-19 13,-38 19,-18 -9,-2 13,-33 -6,-22 -45,-62 35,-48 2,-21 12,-8 38,11 16,19 3,36 -44,82 -6,25 9,6 -1,12 124,41 13,15 29,-5 -1,20 -37,-5 -10,27 9,21 20,8 14,-13 10,-37 13,-20 40,4 40,-9 43,-27 13,-28 -3,-19 16,-20 189,14 14,-6 2,-10 24,-21 72,-19 28,3 66,36 46,4 -52,4 -5,10 242,10 -50,-19 -53,-2 22,-24 -5,-23 19,14 23,-42 10,10 7,-6 -1,16 8,0 34,-35 -3,18 15,1 3,7 28,-26 30,-7 22,-20 -23,-21 -23,-55 -37,0 32,-19 50,18 32,-4 31,7 33,-25 17,-1 47,-29 39,-33 33,-41 0,-29 -19,-65 25,46 44,-6 44,-46 31,-15 5,-65 7,30 14,16 74,-10 29,-9 4,-10 -1,19 8,7 100,3 47,-8 31,-10 0,-20 -11,-25 24,41 7,1 39,-22 56,-13 61,-49 -3,-17 10,9 16,-14 10,-21 -4,-16 17,29 18,-58 10,25 9,0 24,-22 14,-42 3,-39 37,-107 -4,-8 11,-3 15,-27 50,-17 6,-50 -39,-32 -47,-62 -52,-30 -12,-31 -30,-37 -2,-26 -20,-16 -6,-19 -25,1 -43,-19 35,-1 11,-8 25,5 105,65 6,-10 -8,-8 23,-64 29,-25 40,18 28,-10 40,20 -32,-93 18,16 25,58 22,9 28,34 25,-12 11,13 -12,9 2,24 33,41 16,-3 15,11 12,-7 13,6 14,-10 -4,9 6,5 59,-15 19,-19 40,-6 0,-7 17,0 41,-25 18,-1 13,-36 25,25 36,-26 -6,-7 13,5 11,-30 -22,-21 10,-11 22,20 6,-20 -14,-4 -7,-16 -13,-63 28,26 21,47 12,-2 -8,-32 26,23 48,8 7,12 44,-8 69,-33 37,4 40,-17 101,12 50,-6 95,-53 33,-26 21,-7 43,-50 42,-37 33,-12 12,-20 59,-19 61,5 50,-12 24,-40 41,-145 -1,-95 -32,-96 -18,-30 -42,-47 -13,1 0,-16 -51,-63 -54,-34 -15,-23 -9,-2 -14,-31 -4,13 -33,-85 -55,-74 -26,-12 -3,20 -16,14 -16,-17 9,-12 -33,-68 10,-2 -6,-43 4,-6 7,7 -12,-62 18,-121 -32,-132 4,-52 -33,-29 -16,-26 -9,-39 4,-64 -8,-29 -22,-17 -39,-83 -40,-34 -17,-33 -9,-26 5,-50 -70,-31 -28,-27 4,-21 -10,-16 -92,-2 -12,7 -1,18 -7,-1 -8,-6 2,-20 -68,-11 -7,4 29,5 -18,10 -78,-15 -3,-15 10,-6 -38,-11 -38,-22 -13,-20 -51,1 -90,-45 -27,-25 -85,-55 8,-3 -2,-10 -27,-25 2,11 -22,4 -8,-17 -25,7 4,-12 29,-11 -14,-22 -13,-2 9,-10 -4,-24 -13,-9 10,-14 -3,-29 12,-50 -8,-36 2,-52 -18,-50 -47,-29 -48,-49 -29,-44 -26,-63 -62,-83 -112,-86 -2,29 17,-4 21,9 41,30 10,14 1,22 18,3 4,19 25,20 -3,27 14,-1 2,19 -47,-12 -1,11 -14,5 -12,17 2,-20 12,-12 -9,-11 -3,-28 -8,8 -15,-44 -46,-27 -23,-51 7,-28 -21,-27 -31,-70 -77,-64 -37,-60 -38,-29 -73,-26 -77,16 -52,-14 -66,23 -32,23 -66,-3 -57,57 -4,19 8,54 27,21 -11,50 3,-49 -8,-12 -17,-3 -13,-55 16,-53 -13,-11 24,-38 73,-34 38,-34 1,-15 -19,-21 -3,-18 12,-24 18,-16 36,-9 5,-34 -6,-23 -67,-79 -15,-34 -63,-35 -165,-40 -128,-15 -74,3 -49,16 4,-44 25,-13 -13,-1 10,-8 -5,-37 -16,-6 -11,-31 1,-26 14,-21 -14,-22 -57,-22 -66,-5 -123,35 4,5 -6,2 -26,-14 -3,-23 14,-46 -4,-40 7,-13 45,-16 -3,-16 15,-1 32,4 4,12 -17,5 44,11 16,-17 1,-42 -7,-11 -35,-7 -9,2 -19,29 -17,6 -48,-16 -6,-9 71,-21 -52,-22 -41,-38 -4,-79 -36,-30 -5,-14 10,-8 -4,-13 -55,4 -39,-21 -36,-8 -66,-79 9,-39 73,-57 93,-15 11,-19 -3,-22 -12,-13 -33,-13 29,0 12,-11 -58,-40 -74,-35 -34,-26 -22,-30 -9,-61 -13,-12 -35,-12 -23,12 -18,23 1,-19 -32,-6 38,-1 18,-15 -52,-22 -15,-20 -6,-28 -21,-17 16,4 14,-31 0,-25 -40,-3 50,-10 56,-63 -4,-5 -80,15 -21,-6 -17,-19 -118,-31 -18,-60 -1,-41 -31,-10 -88,25 -20,16 -3,12 11,10 36,2 11,-17 -6,-12 10,4 5,25 45,20 13,14 -7,8 -16,5 -89,-37 -21,-16 -6,-17 -50,22 13,12 3,25 16,11 28,-5 33,16 32,-3 29,7 -72,9 -21,-11 -27,9 -41,-53 -22,1 -30,22 40,13 17,18 -5,4 -12,-13 -14,2 -21,-9 -42,5 -3,24 -11,2 -11,27 43,-12 13,3 2,12 42,-8 47,21 10,-4 12,-21 -15,-16 9,-1 11,12 -11,24 13,16 -4,14 -63,26 52,-25 5,-10 -33,-6 -45,-21 -14,3 -23,25 -44,11 12,10 14,-4 -1,35 -87,21 -28,38 41,2 3,4 -12,15 13,11 28,-13 22,-33 33,-12 7,24 12,5 -7,8 4,8 -33,-34 -22,22 2,12 23,-2 -48,16 -20,16 29,21 38,-1 -36,21 3,18 19,4 27,-5 -26,18 15,41 -9,-1 -19,-47 -15,10 3,80 33,12 -47,2 -10,19 0,27 73,-4 32,-16 14,5 -22,16 -11,33 -22,-27 -29,-4 -43,27 13,13 29,-11 11,9 -35,16 32,25 -5,10 6,11 -16,18 -14,2 -6,-12 -49,15 -5,11 7,12 -56,-19 15,-16 -4,-7 -20,7 -8,16 78,54 -14,15 0,13 91,11 8,9 -4,18 16,10 14,-5 -24,-50 4,-11 -37,-16 42,7 9,30 15,4 2,-26 -10,-31 -14,-15 10,-4 19,27 7,40 0,12 -19,15 5,15 18,0 28,13 34,-10 -30,19 -22,2 4,14 5,12 28,6 34,19 6,14 2,15 -61,27 5,27 15,4 7,23 -10,17 2,14 20,27 12,1 -9,37 8,16 14,0 -14,25 14,6 22,-19 -9,41 -24,-2 -8,9 16,17 30,9 4,15 -22,-19 -41,18 -29,-27 -28,-2 -21,6 11,16 -19,6 -15,40 -2,15 31,101 26,17 18,57 -29,71 6,47 -20,34 6,22 -6,14 6,15 38,2 10,48 11,5 23,66 19,22 -4,17 41,49 16,48 6,45 34,52 -8,56 15,12 14,31 3,27 -9,18 -20,145 4,43 27,19 9,49 -21,72 33,55 54,205 2,34 -8,21 26,53 -12,61 6,75 12,32 -20,20 0,12 3,19 11,3 12,18 24,136 -11,76 4,102 -20,131 -98,72 -6,26 -13,12 -58,30 -36,29 -126,51 -138,79 -42,51 -40,27 -36,50 -9,27 12,6 8,28 -5,15 -60,102 -32,29 -7,40 -41,37 -11,45 -45,75 -57,147 -25,41 -37,37 -24,54 -37,53 -115,71 -2,18 7,7 16,-3 5,21 -29,46 6,14 -23,36 11,44 43,50 84,57 23,58 -11,51 -9,-48 -10,-1 2,21 -28,-36 -55,36 -12,16 19,11 -3,70 -10,30 6,10 29,13 9,26 18,-3 -10,4 -10,21 43,53 -4,63 35,19 84,23 7,9 -3,16 -17,16 24,23 21,-8 -1,59 17,12 36,3 25,21 14,16 -2,16 13,4 20,27 28,56 -18,-2 -2,17 -8,-12 -5,31 -11,-4 17,19 6,32 -8,60 -17,22 29,24 -22,40 10,39 -80,97 -25,52 13,3 1,16 14,14 38,-26 -25,19 -9,18 -12,-10 -18,11 -1,-15 -10,27 -44,30 -49,8 -25,-16 -12,-21 6,-4 -71,-39 0,-13 39,-41 6,-17 -28,-7 -15,-16 -40,-5 -22,68 -21,-27 -23,9 -23,42 -43,5 -7,12 -45,1 -19,-7 -1,-18 -24,28 -4,24 -13,8 -18,4 18,-30 -32,7 -13,13 13,19 -3,23 -10,12 -48,31 -36,11 -13,33 -55,36 10,-24 27,-20 -19,-22 -24,21 -31,9 -22,39 18,45 -24,16 16,9 1,10 -73,65 -38,51 -82,65 9,14 15,-12 9,3 1,13 -16,27 -32,5 -1,-12 -20,-11 -67,11 18,-10 -77,30 -52,8 -68,34 -90,9 -88,58 -66,67 -100,81 -45,23 -6,-5 43,-21 -66,18 4,15 -17,-6 -11,13 -12,-14 22,-7 -33,-3 -33,-20 -105,-33 -67,26 -57,6 -39,24 -38,10 -24,22 -93,19 -34,20 -82,28 -75,45 -32,31 -78,10 -74,27 -47,50 -103,48 -54,67 -19,40 41,20 -7,17 -18,6 27,31 3,37 -22,13 -22,37 1,34 -15,30 -61,57 -54,68 -83,59 24,-11 2,13 -44,13 -33,46 14,-6 9,5 -65,31 -9,16 -24,-6 -4,7 19,18 -20,-11 -23,1 -11,40 22,27 8,-5 -16,28 -20,18 -28,-1 -18,38 -34,8 -20,16 -14,33 9,21 -59,11 -35,41 -21,9 -48,55 -6,25 -16,8 -3,19 -33,44 -8,32 -29,49 6,39 -57,17 -1,12 -13,9 -19,7 -5,-11 -15,-1 -78,39 14,-25 -9,-49 25,-65 0,-35 26,-33 61,-46 26,-44 12,2 6,-14 12,-1 11,-29 22,-9 14,-59 40,-31 14,-33 19,-11 14,-40 16,-10 -12,18 3,12 22,-17 24,-58 4,-34 14,-22 12,-4 14,-39 20,-27 -5,-28 8,-25 29,-24 11,24 45,-40 13,-28 26,-18 -8,-32 -32,-24 -18,-3 -36,72 -27,13 -105,82 -12,-2 -5,13 -22,17 -6,20 6,53 -11,34 -20,30 -28,11 -36,26 -13,37 -12,-16 -33,-7 -24,25 -61,25 -9,21 -45,31 -5,10 47,-6 27,9 0,-10 23,-9 -9,24 -11,1 22,50 -9,17 -80,75 -73,41 -14,20 0,34 -18,11 -7,39 -24,17 -3,23 -33,36 -6,17 10,3 0,9 -23,15 -6,20 -15,14 -8,31 -10,1 -8,44 -15,20 -61,42 -33,2 2,12 -12,16 -63,9 -13,15 -34,16 -87,5 -17,11 2,50 -23,13 -4,22 -38,25 -60,65 -4,24 13,16 -2,12 -7,9 -29,5 -23,22 -10,33 -1,23 6,3 15,-21 23,-11 -32,48 8,5 79,5 -51,6 -12,-5 -24,7 -9,-3 1,-27 -5,-1 -41,23 -7,-7 2,24 10,-11 -3,8 -79,71 -13,87 -50,47 -3,12 -1,12 24,48 6,49 -18,33 4,19 -14,14 -5,46 -14,23 19,53 15,8 -9,-1 14,28 22,189 -6,64 77,-7 -25,12 -60,1 3,33 9,-18 6,23 -18,8 -4,12 27,10 -27,8 -3,-9 -24,71 -28,31 -5,41 73,-21 86,-2 14,-8 20,7 12,-26 -39,-33 -9,-19 22,5 -15,-1 2,8 52,44 0,-15 -15,-16 12,-15 -2,-17 -13,3 -6,-10 -6,12 -20,-20 40,0 28,23 -5,41 16,23 -18,17 3,-9 -10,4 -3,10 11,6 -25,16 16,6 -4,25 -15,3 -14,24 -13,4 -12,-9 0,15 -12,2 -3,11 28,3 7,11 -14,-8 -26,2 9,34 -13,-10 -2,-12 -19,-6 -42,13 -11,13 7,8 17,-15 24,9 -18,-2 -12,8 -2,24 11,11 -9,8 -7,1 9,-11 -11,-18 -17,-10 -27,-1 -29,18 -36,46 20,22 0,23 -20,-36 -42,-1 -6,15 -10,-18 -45,3 -36,9 54,11 -60,-2 14,16 -15,3 0,19 -11,-14 -43,-5 -65,28 2,19 27,27 73,9 -65,1 -30,-23 -21,19 -1,15 13,17 -13,0 6,20 36,17 20,3 53,-33 -48,40 24,26 -6,12 -6,-19 -45,-29 -32,-11 -26,-46 -26,37 32,16 -1,13 11,10 -33,-19 22,55 -31,-8 -9,5 -7,26 -56,23 -9,16 15,16 17,1 -5,-14 36,-14 41,0 20,-14 -28,20 -30,0 -16,7 -9,20 23,11 -17,6 -26,-8 -25,-20 -5,-22 -30,-17 -35,30 -42,17 24,26 5,15 42,10 -47,-5 -34,24 8,24 79,80 -14,-2 -9,12 -5,-24 -21,-26 -4,5 11,25 -12,34 8,19 -13,-23 11,-36 -18,-24 2,-11 -34,-20 -31,6 -20,35 30,16 -11,3 -6,39 -22,26 11,9 -75,-21 -17,-33 -17,2 -9,18 37,41 29,5 -34,3 -29,18 -18,21 -12,2 -1,12 -31,12 -3,17 -64,11 3,17 -21,30 9,5 44,-12 -41,26 33,5 -36,4 -16,-8 -31,23 -2,22 17,23 -33,-29 -45,15 -47,46 -23,58 -13,-11 9,-10 -10,-1 12,-11 32,-75 -3,-9 -21,1 -27,15 -33,-1 4,18 -18,24 21,8 -19,-3 -13,18 3,-23 -11,-5 -34,17 -43,8 5,-9 -11,-6 45,-6 20,-11 -7,-8 26,-2 16,-15 -2,-8 -53,-13 -93,34 -49,36 -51,18 3,5 -126,36 26,17 -7,15 7,10 18,-7 4,-27 7,21 23,2 -44,17 -49,-20 -50,-10 -99,19 12,10 -12,12 -4,-10 -22,-5 -127,13 -121,-8 6,6 -10,7 -71,19 21,33 -56,-29 -65,10 23,17 -90,8 18,8 -25,9 4,15 31,6 -29,2 -78,-21 -21,8 -9,-9 -23,-2 -12,8 26,25 -30,-14 -29,-2 -6,-5 19,2 -13,-18 -22,-2 30,-15 -5,-10 -33,-9 52,8 16,-9 -22,-9 -2,-22 -23,-18 -84,1 -13,11 -20,-34 -11,15 -9,-6 2,-11 -22,4 4,-10 -24,-12 -41,-1 -32,-31 -25,5 1,-6 -57,-5 -21,7 7,13 48,13 36,25 -41,-12 -40,13 11,21 34,28 9,20 -5,25 92,30 33,-9 103,-5 -97,29 72,33 -30,-1 -35,-21 -63,2 -98,-32 -19,-12 3,-10 -52,-23 -2,-15 -25,-11 -48,3 36,-17 0,-13 -55,-16 17,-3 -5,-10 -27,-5 -5,8 -24,-9 4,-4 -14,-10 -34,-15 -9,-21 76,-19 9,-8 -11,-12 -42,-17 -23,-22 -20,-7 8,-1 -4,-13 -76,-14 -77,-45 -65,-21 3,-15 -23,-20 -81,-22 -14,-16 -45,-4 -5,-4 15,-3 -48,-8 -14,-13 16,-1 11,-10 -20,-12 -11,10 -20,-19 -73,-18 -14,-18 -2,20 -9,1 -73,-30 -40,-3 -28,-12 -28,-1 5,16 21,0 -32,8 -56,-48 -31,-9 -11,16 -13,4 -4,-25 -19,-5 -26,11 -1,-14 -21,-8 6,28 37,8 75,52 46,19 48,11 3,-7 29,4 -11,-10 21,-14 9,12 42,-7 -25,21 24,30 138,57 2,-6 23,-2 1,24 34,26 47,23 39,-2 -24,17 9,37 6,9 36,5 -30,6 -3,17 55,32 -7,3 23,36 -33,-25 -105,-26 -31,23 8,15 34,-2 -34,11 -26,-16 -13,4 -5,-25 7,-28 -16,-4 -72,51 -25,-9 -44,23 -89,-25 -11,-13 -78,-3 42,15 -7,23 15,9 -25,-3 -9,7 -5,13 20,31 -41,59 -18,10 28,33 19,7 -19,1 -54,-42 15,-7 -4,-21 -65,-14 -69,-4 -23,9 1,9 -53,31 -40,11 3,9 -33,4 56,35 48,-12 6,-5 -11,-13 37,18 27,-18 31,17 -49,9 32,5 -16,7 -24,-11 -112,7 -7,4 31,14 -41,6 -6,3 7,7 -12,-6 1,-10 -19,-1 -12,20 -17,4 -5,6 11,9 -4,5 -25,-3 -8,14 36,5 -27,10 47,7 -12,9 2,14 52,37 43,3 -8,8 25,13 -20,-9 -1,30 12,10 30,1 -14,10 11,9 47,3 32,-12 -12,-11 24,9 21,-6 67,22 34,26 31,-8 46,2 58,19 15,16 -21,43 -23,15 -27,3 8,10 48,5 9,10 -5,12 -24,13 -34,-13 -29,2 -57,-21 -38,-23 -49,27 -10,-4 25,-9 -9,-10 -57,17 -59,-1 -68,-13 -116,13 -34,15 7,20 -52,23 40,-1 8,10 29,4 -124,13 -59,15 -10,9 16,9 2,-7 50,18 33,2 68,26 77,-1 7,4 -28,7 6,8 132,27 82,-2 -25,1 12,-5 -12,-24 -14,-7 33,-14 176,-4 48,24 42,-9 -8,15 -80,7 3,8 -30,20 -35,12 -7,8 25,6 34,-17 -3,-11 14,-11 32,-10 43,3 51,-12 42,5 -3,15 -10,4 -51,6 -53,-12 -46,15 -2,10 26,18 -10,4 -67,0 -2,8 -17,-8 -95,8 -19,10 -40,41 -127,44 -140,31 41,7 20,37 -3,9 116,-1 118,16 71,35 21,37 107,57 12,-7 -32,-10 108,15 88,28 16,-2 -15,-10 10,-2 -9,-12 24,-5 5,22 42,2 -69,12 40,15 37,9 12,-2 -15,-8 9,-3 134,11 144,55 8,-1 -18,-6 10,-5 89,-17 -57,-19 18,-9 39,5 41,21 50,-11 -12,-10 60,-9 96,13 93,-8 7,-4 -24,-16 22,-8 48,-1 -17,-11 267,5 79,-18 34,4 44,-14 188,-6 62,-15 58,-3 140,14 181,-47 143,-3 80,-10 105,-37 87,-19 114,-8 86,-20 -18,16 -46,9 -2,6 34,4 -33,8 22,20 40,0 15,16 68,1 -4,9 9,11 53,-17 -30,-26 102,18 24,20 52,3 -14,7 38,-3 72,22 30,-1 47,22 72,-4 27,10 14,-8 -11,-11 -118,-35 -111,-12 -39,-22 -36,-5 -73,-42 28,-9 -20,8 76,2 4,4 -20,3 2,16 80,21 13,14 45,1 2,-8 26,9 9,-24 45,36 40,15 122,25 -4,-10 -22,-7 10,-10 21,5 46,21 11,15 60,15 -29,3 -20,13 4,10 14,5 76,-27 55,-52 43,-24 73,-19 35,8 -19,20 16,20 12,-1 31,17 -22,4 43,12 12,-4 3,-34 29,-8 -36,-26 14,-7 81,3 32,15 18,27 96,1 111,-16 82,-28 127,-12 78,-22 86,-13 117,-7 -18,13 43,2 82,-14 58,-19 45,-26 -14,-13 -66,0 -37,-14 -4,-11 -26,-12 30,-8 124,-11 146,-3 144,11 92,20 44,-26 59,-4 19,-27 24,18 62,-34 8,-10 -8,-6 -51,-1 124,-69 -45,34 -4,22 13,4 46,-12 -19,18 7,4 -29,17 -8,24 -30,19 -1,12 20,9 -4,13 137,16 3,12 47,12 18,15 -18,5 -53,-12 -15,-16 -101,-3 -12,-4 6,-9 -5,-3 -53,-2 -46,15 41,31 215,31 48,-9 14,-11 16,-31 73,-18 -1,-8 17,-9 59,-2 43,7 63,-26 52,-11 76,-5 110,15 154,-11 51,8 -29,16 -2,7 9,3 70,-36 48,-9 29,11 -5,13 -53,12 -45,-6 -31,20 12,1 -27,23 43,-4 43,7 -15,12 11,2 49,-5 36,-22 55,5 -29,-27 75,21 -23,-53 -17,-21 23,-24 42,5 -6,-14 25,3 11,-5 0,-15 -35,-4 -65,7 53,-30 10,-12 5,7 -30,25 64,1 14,31 -20,35 -19,13 19,28 72,5 81,40 48,15 -19,1 -4,26 -17,11 -21,-22 -42,-4 -12,6 4,11 47,21 -16,3 0,16 63,11 -18,-14 5,-5 32,14 -11,1 1,10 -12,4 -62,-7 -36,20 -19,-7 -123,25 -44,29 -5,21 31,21 35,1 -11,7 10,7 -47,-1 -19,13 8,26 -6,6 12,14 35,14 50,-7 15,15 -46,8 67,33 59,9 30,-22
-8073,5275 -131,30 19,14 71,2 37,-29 4,-17
-7362,6778 -86,3 -27,21 37,7 89,-9 8,-21 -21,-1
-7788,6347 18,-4 17,-20 -41,-12 -60,31 66,5
-8200,6296 4,-13 -16,-18 -90,-44 -36,3 -32,-8 -21,27 53,47 138,6
-7954,6241 27,-22 -5,-16 -35,-39 -14,-5 -45,23 -2,23 10,16 25,18 39,2
-10456,7714 -66,4 -85,54 48,2 30,-10 34,-22 45,-11 4,-9 -10,-8
-9549,7779 202,-3 34,-10 -21,-3 -21,-16 -244,1 -27,11 7,11 70,9
-9879,7998 0,-19 -16,-7 -56,17 -49,-1 -13,12 8,9 32,5 71,-3 23,-13
-8983,7727 -40,-6 -76,12 -16,6 -3,17 34,10 67,-7 45,-15 1,-13 -12,-4
-9354,7503 8,-17 -11,-19 -97,-3 -133,19 -69,16 -4,7 22,15 20,3 5,12 18,8 107,19 45,-4 52,-17 41,-28 -4,-11
-10982,7865 46,-16 1,-12 -14,-5 -93,-3 -75,10 -35,-11 -61,9 -104,-9 -12,5 43,14 198,27 47,2 59,-11
-11833,7558 -49,-6 -57,10 76,29 100,21 13,-4 -13,-11 -70,-39
-10529,7292 -78,28 -11,10 -77,21 34,19 110,7 86,-16 10,-7 -7,-23 -67,-39
-10000,7395 84,-22 149,16 56,-10 11,-12 -63,-17 28,-2 12,-6 -4,-3 -53,-10 -58,-25 -5,-8 80,7 30,-9 -5,-8 30,-10 -5,-13 59,7 9,-15 -2,-12 -33,-11 21,-12 -18,-15 15,-8 1,-14 -97,-20 -60,3 -14,19 -14,-8 26,-33 -46,-14 -51,7 -56,39 -86,39 -62,17 -51,0 -25,17 -69,23 -5,6 16,20 35,10 28,-2 65,-34 78,5 9,21 27,-7 3,5 -14,14 -29,4 -1,6 20,7 52,-6 -55,15 -52,-8 -63,21 54,11 46,-15 -9,13 -34,11 -1,10 48,5 49,-5 5,7 -29,3 23,6
-8492,6526 42,20 42,-24 59,-9 82,-35 62,-14 26,-21 11,-22 -21,-19 106,7 26,-16 -10,-3 41,-10 -79,-34 -133,25 -9,22 -56,9 -4,14 -23,-2 -28,-8 -15,-25 -58,-22 -32,-28 -76,-19 -11,2 -27,56 -138,-11 -4,8 26,23 68,24 -12,43 29,96 27,30 26,9 31,-12 13,-18 -13,-11 18,-7 14,-18
-7567,6832 52,-9 9,-9 -7,-60 -27,-17 -65,-11 -90,-1 -21,16 -15,28 18,26 44,31 102,6
-7954,7365 125,2 108,-17 92,-42 -2,-8 22,-12 -31,-6 -191,6 -101,-12 -50,7 -16,6 -20,34 -60,10 -4,10 8,5 -12,11 1,13 44,5 87,-12
-9770,7647 -4,-14 21,-22 -12,-13 5,-13 -29,-9 48,-9 7,-25 -31,9 -23,-9 3,-16 19,-11 -18,-3 -23,8 8,-15 -230,-2 -19,16 34,6 -59,10 2,6 152,29 -335,-19 -26,9 65,27 89,-11 29,4 -32,-1 -21,13 7,7 -39,5 -4,6 30,14 -58,4 35,17 45,-4 29,-16 118,-33 18,4 -42,16 57,3 -87,9 43,7 -84,13 -7,4 6,4 102,11 64,-18 28,2 -13,14 31,8 101,-22
-10343,7932 51,-9 27,-14 -8,-12 15,-9 19,13 69,7 66,-14 -9,-14 69,2 43,-9 43,-17 -27,-12 10,-14 62,-18 13,-12 -16,-14 -80,-7 -63,10 -48,30 -154,6 -16,6 4,6 -122,-11 -81,9 -23,12 8,8 134,-1 9,5 -11,3 -43,1 65,11 -81,4 30,12 -27,9 -75,-18 -7,5 22,17 -82,3 13,24 201,2
-9189,8113 62,-28 59,-16 4,-10 140,-8 10,-7 -6,-3 5,-5 -5,-10 34,-9 66,-6 -41,15 -5,9 14,7 85,-5 4,-18 -29,-9 72,-6 22,-15 -32,-31 96,5 33,-15 36,13 61,-33 -192,-31 -66,-29 -30,7 -4,14 13,16 -21,-5 -12,-7 -1,-18 -8,-8 25,-5 2,-8 -17,-6 -59,10 13,-19 -21,-20 -28,2 -94,40 -3,-6 55,-39 -78,17 -35,-2 32,-12 -28,-4 -129,9 -78,15 -17,7 13,3 85,5 -140,7 -35,16 46,1 -74,9 -26,12 148,19 13,10 125,9 -152,8 -111,-16 -18,3 17,7 -17,1 -99,-11 -63,13 7,11 126,21 -146,-7 -60,18 -31,29 212,-9 7,9 32,6 -115,-7 -24,10 -38,-1 -36,10 84,5 -60,18 2,14 20,3 70,-3 34,-12 96,-1 -158,28 24,16 29,5 169,5 5,6 -17,5 -78,3 1,10 115,1 114,-22
-9429,7691 48,0 58,-14 3,-10 -33,-22 54,17 168,6 77,-18 -86,1 -1,-5 212,-16 5,-6 -17,-5 -200,3 116,-17 55,-20 42,-6 8,-3 -6,-6 -39,-13 37,-1 36,-11 12,5 -5,12 20,4 45,-15 47,7 19,-9 28,13 45,-13 86,-9 4,4 -16,6 10,3 136,12 68,17 69,-7 109,8 88,-7 27,-12 68,-1 20,-7 -14,-8 60,-3 15,-19 -87,-23 72,-1 26,-10 -54,-9 -41,7 20,-10 -13,-22 -166,-11 -99,10 -19,12 2,13 -42,8 18,-13 -19,-18 -90,-8 -63,10 -7,-9 -34,8 -34,-10 -92,6 6,-7 -10,-1 -165,1 -14,8 22,21 -19,5 -32,-14 -9,10 -25,-5 -1,-10 -36,-8 -99,5 -42,10 9,11 -25,-8 0,-9 -42,1 -41,13 -21,26 9,7 -31,14 -2,15 34,25 -11,19 -91,50 -57,-8 -161,-1 -77,23 39,9 -32,-1 -91,17 0,6 48,0 -37,9 1,8 91,10 156,-16
-9621,7853 65,-1 64,-13 3,-5 -44,-12 40,-14 -27,-11 -179,-16 -7,5 4,5 -64,18 72,6 -88,8 -23,10 -27,15 26,8 -28,19 96,3 90,-11 27,-14
-11046,7810 84,-4 -15,-10 -109,-13 74,-11 -8,-19 -48,-8 -169,-9 -80,17 -4,5 9,5 -16,18 9,10 89,10 184,9
-11555,7736 4,-7 -82,-15 52,-20 -44,-4 31,-19 -28,-10 -78,-8 -5,-16 -18,-9 -26,-1 -50,14 3,16 18,21 -10,2 -42,-6 -17,-19 -32,-4 17,-14 -37,-22 -18,-2 -41,20 -7,-5 1,-12 -10,-4 19,-7 1,-7 -37,-12 -50,-3 -44,35 -17,-16 -20,-4 -69,5 -49,-9 -24,7 9,7 -4,8 -31,-3 48,26 86,6 247,85 109,8 116,-4 14,4 -34,8 53,9 96,-19
-10829,7606 57,-6 -30,-20 81,9 16,-5 14,-16 2,10 20,3 -17,12 18,9 28,4 77,-11 15,-25 -49,-57 -109,-20 -76,7 -65,-5 -36,12 -67,-19 -89,-7 -55,-17 -158,-22 -115,3 -60,15 -11,7 7,4 147,27 117,4 59,18 -1,6 -112,-13 -39,8 -35,-10 -76,-4 -14,4 0,15 38,16 -41,-4 -13,5 -16,-19 -35,4 16,-11 -9,-8 -57,-11 -39,14 -32,-15 -75,20 -53,-1 -59,11 34,19 118,3 94,19 -129,-9 -73,6 36,12 181,13 -135,-2 -32,8 11,6 -4,8 38,9 143,-2 -104,10 4,9 20,8 58,6 81,-5 37,-24 65,5 47,-6 83,-26 -19,-11 51,-1 27,-21 23,-6 196,-4 14,3 0,16 -92,23 42,9 2,9 -77,18 -11,11 97,36 51,6 36,-8 -16,-15 12,-15 32,-11 7,-10 -26,-11 9,-6
-9317,7416 95,-19 113,4 63,-10 8,-9 -87,-52 -30,-6 13,-4 -4,-5 -66,-40 -209,1 44,-9 24,-17 -51,-47 -115,0 -6,47 -35,38 -3,82 25,5 68,-9 -45,25 18,13 180,12
-9744,6964 20,3 94,-33 55,-44 16,-7 22,6 10,-6 -133,-37 -87,8 -77,20 -8,10 -38,-4 -21,13 -18,-7 -35,6 -12,11 10,10 55,4 45,16 -10,13 11,2 -10,9 51,-11 -25,17 9,17 51,4 28,-10 -3,-10
-11452,7259 94,6 9,7 0,10 20,13 54,4 148,-28 -8,-14 -54,-21 22,-6 36,15 4,-9 13,1 36,16 57,13 1,10 -36,10 -13,8 3,7 65,-3 125,-43 57,-83 38,-9 51,27 -40,25 -54,100 31,7 -15,6 5,7 92,-16 16,9 47,-8 67,-19 40,-22 18,-38 35,-43 50,-40 2,-20 -20,-25 5,-7 92,-43 51,-12 8,3 -5,11 106,-37 35,-1 8,-13 47,0 12,-11 6,-22 -13,-14 -30,4 -14,14 -17,-15 -59,14 -36,-12 7,-10 -9,-7 -81,12 38,-20 -7,-27 67,28 30,1 17,-6 -6,-17 25,-8 -7,-16 -103,-20 -221,10 -7,3 15,13 -112,8 -20,6 -8,19 -24,3 -78,-44 -93,-6 -110,-26 -366,-19 -49,35 -7,35 -193,9 -89,15 -59,37 -9,25 64,13 196,13 195,-8 101,8 -48,14 -165,24 -223,-10 -160,4 -67,26 -12,8 11,6 46,13 192,22 -16,4 7,5 68,2 -29,6 -235,-16 -29,8 49,19 -84,-1 -41,11 5,23 73,27 -27,17 11,10 82,30 98,23 193,31 34,-4 17,-10 8,-27 -47,-37
-11974,7411 53,9 9,-18 58,22 103,-1 188,-56 24,-17 -13,-8 -356,-78 -43,-34 -67,-9 -26,-58 -18,-12 -85,-12 -28,5 -41,-17 -93,-18 -30,13 -62,46 -129,29 -54,1 8,16 17,4 -4,7 64,34 2,25 39,9 -1,7 -23,6 2,7 100,64 -39,13 -51,45 320,19 194,-31 -18,-12
-9453,7575 -22,2 -15,16 40,6 20,-20 -23,-4
-7938,5195 -27,6 38,8 -11,-14
-7883,5614 -8,-1 11,25 13,6 0,-18 -16,-12
-7894,5627 -23,-39 -10,4 13,22 -4,7 -31,-34 -27,-6 26,28 -4,4 -36,-26 -11,4 49,42 6,21 -8,-36 15,10 12,32 31,-18 2,-15
-7987,5677 -7,1 4,9 7,-3 -4,-7
-7972,5752 -12,-4 10,13 2,-9
-7998,5621 -11,0 3,8 48,18 -11,-14 -29,-12
-8006,5977 -11,-1 9,9 18,0 -16,-8
-7952,5666 -6,-2 1,16 8,-6 -3,-8
-9678,7294 -31,6 2,13 21,6 26,-12 -18,-13
-9735,7453 -40,-2 33,12 13,-5 -6,-5
-9827,7387 -70,-6 -45,9 162,21 13,-2 -8,-9 -52,-13
-9020,6942 2,-6 -15,-11 -16,12 29,5
-9049,6922 -28,12 17,3 11,-15
-7488,6835 -43,12 -9,12 11,10 31,-4 18,-19 -8,-11
-7853,6073 -14,-1 6,5 37,5 -29,-9
-7898,6819 -19,4 2,10 28,-2 4,-4 -15,-8
-7668,6339 -24,2 -44,18 23,9 48,-18 -3,-11
-6482,6256 40,-7 -13,-10 -29,2 -12,5 14,10
-6268,6706 -19,0 25,12 22,0 -28,-12
-6823,6024 -14,1 0,6 23,25 16,1 16,-12 -10,-11 -31,-10
-7034,6255 -43,5 -45,27 78,-14 17,-15 -7,-3
-6483,6137 -56,19 -4,9 64,1 12,-7 -16,-22
-6792,6954 -30,8 39,6 8,-5 -17,-9
-7943,6979 7,-8 -19,-8 -50,0 7,-12 -81,18 37,11 30,-6 69,5
-7803,6972 6,-8 -7,-3 -81,-13 27,16 55,8
-8312,6628 19,-2 -13,-6 -15,8 -1,6 10,-6
-7921,6885 -15,1 -3,8 73,32 1,9 32,4 10,-8 -55,-36 -43,-10
-7700,6914 -32,5 -6,8 4,13 66,-2 -32,-24
-6503,6188 18,-12 -32,4 -4,13 18,-5
-8691,7011 35,-3 5,-6 -22,-4 -59,10 21,7 20,-4
-8372,6580 49,-8 -10,-9 -46,4 9,9 -11,3 -31,-2 -2,15 -33,17 6,4 62,-16 9,-5 -2,-12
-8660,6774 -29,10 4,17 -11,9 26,21 28,-13 2,-29 -20,-15
-8467,6557 -43,19 -5,26 21,-1 18,-15 16,-20 -7,-9
-9304,6184 -16,8 12,1 9,-4 -5,-5
-10223,7602 22,-8 -57,-16 -74,-1 28,15 -73,-3 -22,4 19,11 -61,7 6,7 34,4 128,9 15,-3 9,-19 26,-7
-10123,7658 -38,3 65,12 69,0 -96,-15
-10402,7658 30,2 69,-17 -44,-10 -89,0 -23,28 51,6 12,-3 -6,-6
-10300,7815 -27,2 38,10 10,-5 -21,-7
-10169,7770 -69,3 -9,14 128,-4 19,-9 -69,-4
-8973,7651 -43,1 -40,23 61,9 25,-10 -12,-11 9,-12
-9608,7551 -38,-2 -40,-12 -16,10 65,18 41,-10 -12,-4
-9531,7450 -54,8 34,6 20,-14
-11383,7775 -78,2 -42,20 70,11 5,-8 66,-17 -21,-8
-12107,7575 -15,3 33,15 -3,-12 -15,-6
-11356,7674 -128,5 95,11 37,-7 -4,-9
-10412,7504 -77,11 42,26 39,1 27,-8 17,-18 -48,-12
-5546,5154 -12,-15 -45,-6 3,-13 20,-3 0,-14 -90,-97 -15,-30 3,-15 64,51 6,-6 -4,-12 23,8 43,-4 -64,-36 27,5 -22,-22 71,4 3,-12 12,14 3,-10 -15,-33 17,16 20,3 48,26 5,-20 13,9 36,2 34,-12 5,-18 -59,-35 31,2 -12,-10 26,-5 -8,-13 -32,-14 108,24 -10,-23 -48,-19 4,-12 -30,-7 23,0 -22,-22 6,-12 13,-3 39,35 42,11 -29,-38 -2,-22 5,-6 18,10 16,22 13,-22 -42,-87 -25,4 -27,-8 -1,51 -41,-31 -17,4 33,56 -14,32 -20,10 -30,-46 -7,-3 9,18 -18,-14 -21,-3 -46,-47 -47,-4 -16,6 3,9 43,14 30,29 41,21 -59,0 -7,-16 -14,-4 -55,4 26,9 1,23 -91,-25 -156,11 -1,5 -60,-15 -32,5 -8,30 101,59 -84,4 33,19 -7,-10 20,-5 30,48 42,-9 -11,9 12,15 -21,3 -2,13 19,15 23,-5 -14,21 50,81 25,11 -12,8 25,16 1,15 22,12 14,20 65,24 34,-10 2,11 21,-4
-5554,5072 -9,0 3,6 13,2 -7,-8
-5455,4959 -24,-9 -7,8 31,1
-5536,5189 -4,5 13,6 -9,-11
-5409,4974 11,-8 -31,-7 1,12 19,3
-5627,4684 -12,-2 3,28 7,-3 2,-23
-5423,4744 -9,0 19,21 -10,-21
-10022,6881 -18,-9 -20,5 -1,22 28,1 15,-10 -4,-9
-10000,6901 -2,-6 -12,2 -11,8 10,8 15,-12
-10031,7050 -31,5 -6,10 40,-5 -3,-10
-9551,6957 13,-6 -12,-16 -23,0 6,9 -9,12 -13,-21 -10,4 12,22 36,-4
-10117,6940 -10,-1 6,9 -14,8 32,-6 -14,-10
-10185,6859 -46,9 30,15 18,-3 11,-8 -13,-13
-10454,6841 -51,15 45,0 15,-9 -9,-6
-10790,6740 -5,-8 -20,11 2,20 14,-1 9,-22
-10917,6798 20,0 9,-8 -29,8
-10809,6701 29,-1 -15,-14 -14,15
-10932,6799 -18,6 3,5 15,-11
-6099,5604 -21,2 11,8 13,-4 -3,-6
-6174,5755 10,-13 -37,13 27,0
-6916,5904 -19,-8 5,18 11,1 3,-11
2217,6037 25,-7 -11,-3 5,-10 -28,12 9,8
2145,6053 -15,-5 -9,12 24,-7
2183,6014 -13,-3 6,9 10,0 -3,-6
-6441,6037 -3,-7 -30,8 -9,12 18,1 24,-14
12617,3473 -6,-2 -10,16 7,5 9,-19
7249,-738 -6,-5 -8,17 10,-14 0,18 4,-16
-13956,-894 -6,-1 1,8 10,-3 -5,-4
2163,6011 -14,2 14,4 0,-6
2485,6499 -27,-1 0,6 39,2 -12,-7
2996,6980 -21,-1 9,12 21,-7 -9,-4
496,6109 -16,-1 3,10 9,2 4,-11
810,6334 -30,7 27,6 7,-4 -4,-9
847,6367 -18,2 52,8 -2,-7 -32,-3
1251,6590 -8,4 12,6 23,-1 -27,-9
1242,6604 -9,0 13,15 16,-1 -4,-11 -16,-3
1977,7022 32,-12 -31,-2 -18,19 17,-5
2344,7082 -61,-28 -47,-2 -37,14 97,5 24,11 24,0
2078,7009 -32,-1 -5,7 37,7 0,-13
2559,7114 56,-10 -57,-8 -27,9 28,9
2361,7055 3,-9 -37,-16 -35,9 10,10 53,13 6,-7
2402,7057 -19,-4 -16,7 -1,8 12,7 18,-5 12,-5 -6,-8
1387,6827 25,-2 -9,-6 -80,-20 -3,10 10,7 57,11
1297,6787 -14,-5 13,20 16,3 -15,-18
1750,6960 51,-10 7,-10 -14,-7 1,-13 -46,0 -41,-19 -27,6 16,7 3,22 36,2 1,6 -14,4 27,12
1925,7007 36,-5 -2,-5 -26,-15 -32,-6 -23,-18 -50,-4 -22,6 17,4 12,13 33,1 1,11 36,15 8,20 8,1 4,-18
1576,6856 30,12 9,16 18,4 15,-8 4,-17 -54,-23 -54,-9 -16,6 -65,-17 -37,-1 0,7 33,14 51,4 31,18 15,25 -12,5 4,12 48,26 17,-3 -1,-5 -31,-20 12,-29 -17,-17
1521,6894 19,-16 -18,-16 -70,1 -15,8 18,11 25,-3 7,12 17,-2 0,11 17,-6
1123,6487 -49,0 28,11 11,0 10,-11
509,6031 0,-12 -13,5 0,21 13,-14
1197,6563 -20,0 10,8 13,-3 -3,-5
-7906,7593 1,-6 -31,-4 -34,5 69,27 16,-4 -21,-18
-7167,7733 -83,5 6,7 46,1 55,-6 -24,-7
-4487,8208 -188,27 -60,25 95,9 148,-21 17,-8 -12,-32
-1866,8185 -37,-2 -56,16 -2,9 29,4 66,-27
-1761,7983 -42,-12 -63,1 -48,13 14,9 102,11 51,-2 7,-9 -21,-11
-1900,7797 -13,-3 -17,25 -2,15 39,8 -2,-21 7,-9 -12,-15
-1858,7604 -12,-2 -39,41 3,27 33,-6 15,-60
-1800,7541 11,-21 39,-5 11,-11 -128,-4 -22,7 3,25 86,9
-1796,7764 -19,0 -7,3 5,4 27,15 22,0 4,-8 -9,-7 -23,-7
-2995,8356 415,-30 -619,-17 -4,-11 207,13 296,-4 188,9 65,-28 278,-20 17,-8 -10,-5 -150,-22 -646,-17 -31,-11 8,-9 27,-2 170,11 269,-5 56,-12 30,-18 79,7 40,24 176,6 21,-14 -1,-23 -9,-10 -49,-25 -135,-42 -13,-8 8,-7 29,13 194,37 126,36 40,0 8,-13 170,-11 133,38 188,3 181,-13 100,-22 -202,-42 -100,-5 22,-12 -27,-11 -226,-19 82,-14 -55,-18 -158,-8 -136,9 -72,-25 -3,-15 11,-9 72,-4 7,-5 -13,-33 26,-2 16,-15 -73,-11 -33,-23 -57,-4 -51,-14 18,-11 -80,-76 2,-8 15,-6 20,5 52,21 137,-19 19,-10 -17,-5 -69,12 -52,-7 22,-17 116,-23 86,4 15,-13 -5,-21 -27,-16 -188,16 -45,-3 -68,-20 -71,10 -28,-11 73,-11 12,-17 27,-13 60,3 79,-8 24,-10 -10,-12 45,-24 11,-27 3,-19 -15,-12 -28,-2 -40,15 -29,0 -116,-29 -58,10 53,-16 71,11 21,-18 -2,-8 -24,-16 18,-1 25,9 19,25 43,0 45,-36 25,-7 6,-7 -4,-14 -38,-8 -61,2 3,-8 -90,-9 -82,13 19,24 -22,9 6,-13 -40,-14 12,-9 -14,-15 35,-9 162,-12 -14,-36 -13,-3 -91,-3 -80,-16 -88,13 -53,14 -40,23 -52,-17 -84,25 73,-34 -127,-26 -121,19 73,-19 -19,-8 -83,-3 21,-7 195,21 34,12 93,1 209,-49 3,-28 -6,-24 -21,-5 -1,-23 -178,38 -29,19 -27,35 -203,-32 27,-5 158,23 16,-32 -5,-7 -50,-12 8,-4 55,7 207,-51 13,-14 41,-3 -51,-21 -1,-15 6,-13 12,18 55,5 8,-62 15,-33 -42,-9 -44,2 -6,40 -25,-42 -64,1 -64,20 -30,40 -29,17 -133,35 -120,6 -7,-3 5,-7 127,-5 14,-11 3,-10 -7,-9 -98,-23 -168,4 41,-9 -8,-20 -100,-26 245,2 11,-6 -7,-4 -98,-24 -7,-9 25,-4 35,21 150,15 186,-21 138,-1 8,-2 -8,-8 -74,-13 -6,-2 4,-9 -82,-5 13,-15 -56,-1 8,-10 -7,-4 -90,-18 10,-10 -45,-12 -16,-15 -78,-21 -277,-38 -62,1 -33,-11 -52,5 11,-13 -37,-6 -44,7 -91,31 15,-18 -19,-5 21,-15 0,-7 -100,-36 -34,-25 -3,-12 -57,-53 -32,-10 -21,-20 -56,-18 -68,19 24,-30 -75,-31 -1,13 -14,5 -13,-22 -27,-1 -13,9 -26,-8 -9,-13 -35,-7 -24,12 20,15 1,12 51,32 -87,9 40,-13 -22,-12 -17,-24 -38,11 30,-17 2,-13 -44,-8 -153,-7 59,-22 -7,-5 -60,-24 -42,6 -42,-1 0,-7 12,-16 31,5 48,-44 -52,-15 -8,-11 -80,8 55,-18 41,1 -3,-20 10,-20 -22,-10 -1,-10 -27,-2 -10,-16 4,-8 -28,-21 -46,1 -33,14 9,-9 45,-15 -27,-23 -103,-2 79,-15 -17,-42 18,-14 3,-15 -48,-14 27,-4 -3,-6 -29,-56 -8,-29 -32,-25 -88,8 71,-21 9,-33 -20,-13 -63,9 29,-16 -25,-5 -21,2 5,9 -34,0 -5,9 23,17 1,9 -39,-25 -77,18 1,17 40,9 21,21 -62,-23 -67,17 -9,17 26,31 1,13 -14,-12 -86,-28 -93,1 7,-10 -10,-1 -35,5 -3,9 44,14 -62,1 -4,18 -49,9 -13,24 -24,7 10,10 -19,20 55,19 -29,3 -50,-11 -5,15 12,8 -77,24 6,11 -4,14 51,33 -60,-23 -108,82 -7,12 9,14 -10,11 129,20 -23,0 5,10 -110,-21 -17,10 48,36 40,0 -2,8 17,4 32,0 35,-23 -11,25 -40,7 -44,43 24,-40 -50,-17 8,16 -12,-3 -50,-48 -16,-6 -17,20 0,26 -17,47 -19,5 -9,13 92,38 53,7 -63,-6 -63,-26 -20,0 -21,13 -44,0 -4,18 13,21 -28,7 134,46 82,37 -181,-68 -57,-5 -3,26 22,24 38,18 65,5 -130,11 -19,15 8,28 129,34 190,-23 -56,16 28,9 -8,3 -80,-7 -58,10 -63,-8 -44,-19 -32,-2 16,29 43,37 155,-15 43,33 -29,0 -17,-12 -57,-5 -58,9 -60,-1 34,31 43,10 99,-18 49,7 33,19 -45,-5 16,39 79,4 -24,8 -54,-4 19,20 8,25 46,14 -15,14 18,9 -78,3 -40,-7 -76,7 -76,24 -99,12 -52,28 37,12 136,-7 127,-31 85,-4 -64,19 6,26 -51,16 75,-1 -36,12 -163,6 -11,13 23,15 111,22 -88,-1 -51,-13 -27,4 -4,6 33,17 -18,-2 -9,21 -27,16 -12,13 16,7 -28,-4 14,-19 28,-15 3,-13 -30,-17 -24,-2 11,-13 -5,-7 -86,-9 -52,6 -25,12 -8,14 35,42 48,27 -74,-20 -8,4 2,8 35,5 -31,10 68,12 18,13 0,17 -33,15 -22,-9 -38,8 -2,10 33,9 7,13 -16,13 -29,-8 -13,12 -23,6 13,20 13,0 -39,37 -26,5 -74,-6 52,10 7,6 -8,15 46,10 -231,82 32,16 -27,18 -267,47 -210,19 -55,-13 -47,10 -106,-19 -51,11 -59,-10 -52,7 -7,-6 39,-17 -16,-1 -149,12 -116,31 137,25 -156,9 -22,9 20,16 -92,-17 -55,25 56,12 162,1 39,14 45,4 120,-2 55,-8 -6,11 18,12 -4,6 -51,12 -87,-17 -93,8 -73,-13 -118,23 41,14 -115,-3 -89,15 -66,23 24,9 -14,8 25,12 82,14 266,24 7,2 -11,6 65,10 256,13 53,27 50,56 61,10 -26,4 -137,-12 -103,6 -36,14 21,19 248,59 79,6 69,-17 -21,19 25,13 155,-8 28,15 6,12 -10,35 77,17 115,-4 266,-52 -264,65 471,34 88,-19 9,-10 2,-41 52,22 11,17 -17,8 -1,13 9,7 212,-43 136,3 -86,20 -54,26 -5,8 95,1 118,-6 413,-63 20,7 -11,25 9,16 31,11 -9,10 -123,28 368,-7 51,7 -339,13 -138,-2 -34,9 31,11 75,-4 241,24 171,-16 94,23 143,-15 78,-18 21,16 -60,10 -21,11 103,13 92,-3 19,7 277,-1 85,7 304,-4
-8587,1646 -9,-3 8,8 1,-5
2540,3742 -9,-1 0,8 15,-2 -6,-5
17303,101 6,-4 -10,-13 4,17
17451,-80 -13,21 9,-5 4,-16
17110,714 29,-3 -16,-4 -13,7
-14081,-1786 1,11 16,7 -17,-18
-16975,5663 28,-4 -16,-4 -12,8
2453,3713 -11,0 2,6 9,0 0,-6
13092,3748 -11,3 9,4 2,-7
-18000,-8435 371,-7 42,-9 121,5 296,-8 303,-14 118,-15 456,-7 647,-29 -53,21 -46,7 96,2 -13,5 -852,43 138,9 -93,17 68,14 -7,6 -146,19 -226,-3 -137,34 -490,55 -17,11 117,-13 125,7 340,-38 280,2 70,-8 48,-18 133,14 91,-19 276,-2 201,19 40,12 -65,10 222,15 31,12 175,27 39,14 -171,51 76,24 -95,19 -212,19 50,16 61,3 780,23 10,6 -113,12 -6,12 -92,9 -45,16 14,14 22,6 190,8 -11,14 35,7 -34,13 -263,27 -104,22 4,5 -9,7 -238,7 -159,31 -36,10 26,8 149,16 43,14 -298,6 -58,13 -43,12 -22,17 27,28 2,34 37,8 38,-15 32,-1 93,13 140,-2 90,-10 45,-19 174,-1 200,-37 157,34 -70,18 7,16 21,1 84,-20 80,5 54,-21 71,-2 8,4 -21,18 29,7 -45,13 34,12 -12,20 -159,31 -126,-5 -106,12 76,10 58,17 243,-32 45,1 -94,31 39,21 89,1 153,32 124,7 83,-20 63,-6 -35,20 75,10 78,24 207,13 97,-8 42,32 87,15 52,0 104,-16 175,8 185,-12 318,19 548,-5 186,10 102,26 344,-10 11,4 32,46 17,9 111,-19 2,-7 -22,-7 -4,-14 42,-8 -57,-19 -21,-34 241,19 12,4 -21,18 9,7 -11,23 18,9 45,-1 87,-18 8,-17 -7,-17 -23,-13 -93,-29 10,-9 209,3 265,-15 172,23 178,1 141,-3 41,-24 26,-5 229,10 19,13 -109,24 -82,8 46,21 -11,14 -113,3 -47,47 -104,14 -10,10 6,13 76,2 132,-13 183,15 -155,26 -247,7 -46,46 26,10 75,-4 9,-8 -21,-11 7,-4 420,-3 182,-28 115,8 99,-9 142,15 191,-16 49,8 16,12 -2,14 47,12 48,-3 21,20 35,1 58,-11 0,-7 -36,-26 14,-11 102,4 36,-16 25,-1 99,17 82,-31 280,-36 87,12 15,11 -10,32 8,6 84,-16 -27,33 2,10 15,4 92,-15 56,-22 18,-20 37,-5 156,10 8,-11 -37,-25 9,-2 76,3 100,17 129,-6 107,25 411,34 115,27 36,23 48,52 -12,19 -51,37 -5,47 -18,37 -20,27 -51,40 -7,38 -24,21 57,8 77,-6 40,25 -5,13 -37,17 9,9 16,0 10,32 25,21 -36,22 23,33 24,13 -44,8 -43,-6 -4,11 10,32 46,17 7,-4 6,-28 29,5 11,-8 -1,60 20,10 54,-4 9,23 -9,11 15,15 45,2 -10,13 27,4 38,-7 11,6 -14,9 0,12 18,-3 8,7 -5,7 62,11 2,5 -25,6 -2,14 3,10 28,15 70,-11 -6,20 59,11 -5,7 8,10 26,-9 61,15 55,29 22,24 135,25 64,27 148,32 31,-3 15,-25 15,-6 -6,-6 -28,-1 2,12 -19,3 -97,-27 -58,-43 -21,-4 25,-6 -11,-6 12,-17 -67,17 -15,-9 4,-9 -8,-5 -12,13 -19,2 -38,-12 -72,-43 -64,-1 -4,-4 16,-16 -8,-5 -29,5 -13,-8 -7,-6 10,-13 29,-11 -23,-2 -31,-25 1,-8 28,-19 17,-1 93,20 29,-1 5,-5 -18,-12 -26,-1 11,-8 -13,-15 -12,13 -28,7 -24,-11 -9,-18 -12,13 -24,9 -56,-3 -7,-7 14,-13 -5,-12 12,-6 0,-9 -9,0 -63,45 -49,-2 10,-10 -43,-27 27,-11 6,-11 -29,-6 -65,12 -19,-21 10,-10 -25,-9 21,-10 -68,-7 8,-28 -18,-22 13,-13 -17,-12 42,-1 33,8 6,-7 -62,-21 45,-7 -24,-17 8,-4 108,-15 -9,19 25,8 99,6 -78,-15 -4,-12 41,-10 -14,-14 2,-9 87,-44 14,-10 4,-25 21,-20 24,-9 3,-8 -8,-8 -21,5 -16,-13 38,-14 50,1 1,-8 -21,-11 -29,-5 -5,-7 8,-10 65,3 35,-37 -4,-8 -96,-34 40,-2 35,12 22,-10 4,-9 -9,-7 -90,-8 -32,-12 95,-9 59,4 5,-29 -6,-7 -55,-4 -1,-13 35,-10 41,3 0,-16 14,-18 38,7 5,-9 -16,-25 -44,7 -34,-11 -111,17 22,-11 15,-24 56,-4 29,-17 -11,-16 -19,-6 -45,3 -30,-13 52,-1 28,-8 -80,-17 51,-4 55,9 7,-7 -30,-17 -63,-3 -60,7 39,-34 -8,-8 -44,-9 -20,5 -14,16 -47,6 6,-17 -8,-6 -16,3 -56,-13 58,-2 17,-8 -6,-4 -105,-14 98,-6 4,-5 -10,-5 -301,-56 -294,-34 -90,-32 -159,-8 -347,17 -192,-5 -10,-7 12,-13 92,-44 50,-13 36,-7 254,-12 -2,-10 -62,-28 -55,-14 -77,-7 -579,43 -98,-10 415,-59 -12,-22 -32,-9 -242,-7 -232,41 -117,43 9,-17 46,-25 -48,0 -5,-6 17,-15 33,-16 160,-33 77,-40 36,-1 4,19 34,5 365,-6 28,-6 19,-24 -53,-27 -114,-11 -196,1 148,-17 177,7 70,-28 22,-24 41,-24 114,4 91,-10 234,29 45,-23 47,-10 118,-1 26,-3 19,-13 257,-33 322,-12 19,-6 -38,-4 -215,3 -93,-8 143,-6 5,-8 -190,-4 -9,-4 34,-10 -12,-13 20,-10 131,-9 387,17 -221,-33 82,-45 61,4 9,-5 2,-11 -39,-24 16,-6 191,-6 372,98 51,2 131,26 562,31 100,-11 110,5 21,-21 -40,-18 -7,-11 73,-4 212,22 224,97 266,42 156,-18 124,17 64,24 402,20 29,14 149,13 529,12 67,10 16,10 -89,9 -565,17 -26,11 3,19 -14,14 -33,4 -234,-11 -121,12 -204,34 -2,15 8,15 67,43 42,20 54,11 47,30 147,29 55,-2 312,79 467,60 180,11 104,-2 94,19 100,-5 119,11 -45,19 23,19 30,8 78,59 101,6 76,-9 110,47 -4,9 -161,-6 -6,4 34,11 -58,12 8,21 84,33 59,5 85,-5 16,10 -30,27 109,-5 46,15 125,22 54,51 -5,14 -32,-2 -82,17 -20,22 42,10 110,-26 31,25 48,17 -29,11 6,8 104,-23 58,-50 74,3 20,9 12,33 -3,10 -26,18 13,10 36,5 55,-5 91,13 24,-3 10,-12 -49,-29 -4,-18 241,-5 110,6 60,-11 65,4 29,12 18,-8 13,-28 22,-8 108,44 137,27 320,34 229,16 28,14 84,-11 62,29 183,-51 73,-8 123,56 -34,9 4,5 44,2 23,-18 52,-11 199,2 22,13 35,5 20,-6 13,-20 141,-14 11,2 20,23 58,8 19,-8 -17,-38 24,-23 14,-2 166,8 27,34 37,24 66,-22 3,-8 -17,-8 5,-6 70,-11 43,9 40,32 21,-1 36,-13 0,-17 38,-18 121,-15 53,2 241,44 109,28 138,7 124,23 19,9 18,29 -9,24 -33,31 7,20 48,18 34,2 73,-3 3,-9 -45,-23 4,-8 78,1 77,-59 123,4 52,-17 68,8 110,-44 -3,16 85,58 15,46 35,17 61,8 54,21 105,16 55,25 141,14 83,23 120,11 4,9 -12,13 24,13 79,-9 5,-5 -28,-16 37,-16 72,3 11,-9 6,-20 17,6 10,14 -2,27 59,29 -51,1 -24,18 36,10 42,0 76,-24 54,-1 6,4 -9,33 -21,7 -7,15 9,16 156,42 178,16 162,-9 107,-42 64,-10 18,-14 -19,-9 -85,7 31,-15 3,-8 -9,-11 -59,-23 36,-6 60,19 87,6 111,-22 51,-25 123,9 83,-15 138,-11 101,14 463,-38 123,13 10,-10 -6,-18 38,-42 -45,-28 11,-19 -11,-9 10,-21 -72,-14 -3,-10 31,-18 -11,-22 -34,-5 -56,8 -91,-43 67,-15 108,10 14,-1 9,-10 -6,-28 -32,-32 -83,-36 -61,-61 -54,-95 -39,-18 7,-8 75,-9 65,21 0,34 45,23 113,14 41,25 61,20 5,9 66,22 19,47 30,35 65,20 34,20 6,30 50,25 62,11 63,-14 106,3 19,12 7,16 22,8 25,0 146,42 67,44 7,24 47,21 299,49 128,9 19,16 99,32 123,-4 227,37 172,-3 237,31 52,-11 77,3 73,-10 75,19 70,-13 156,13 62,-11 54,14 46,-8 14,-12 51,2 152,29 44,26 5,13 129,10 450,-60 61,-19 38,2 22,-13 108,-14 116,39 -3,21 32,23 219,28 61,-13 63,-43 97,-20 32,-21 -36,-26 -128,-18 -8,-16 12,-7 268,39 42,-7 101,4 57,-9 148,20 19,-1 -146,-34 21,-5 236,28 69,23 179,25 85,-8 28,5 30,22 47,5 80,-13 20,-26 67,-29 144,-5 26,6 50,57 38,18 83,10 88,-5 105,6 56,10 74,-20 11,-20 68,15 38,20 84,-16 36,-15 34,10 45,-1 93,-21 97,-1 66,-15 139,-11 68,2 72,-20 104,13 13,-6 5,-15 44,7 20,-2 7,-10 -68,-65 4,-7 21,-4 94,27 85,1 85,-34 7,-16 -10,-15 29,-10 137,-10 188,3 60,8 13,-3 7,-37 15,-6 27,13 99,-4 53,-13 63,13 7,38 13,3 161,-70 97,-16 56,0 43,-13 45,13 185,-34 34,-21 9,-24 44,-11 39,-24 38,-51 21,-9 29,1 27,-13 10,7 -25,34 -2,19 20,11 45,3 68,-32 65,-2 40,13 223,-15 94,-15 60,-37 199,-45 12,19 15,2 43,-45 -18,-10 -46,2 -19,-16 -8,-29 31,3 3,-11 -8,-9 -16,-3 -162,22 39,-17 101,-18 1,-7 -29,-25 -52,-15 -65,13 -17,-6 -105,-2 -28,14 -43,7 38,-28 88,-17 -71,-16 -114,-4 25,-14 -38,-14 -38,-1 -22,50 -32,-2 -6,-16 23,-37 -20,-10 62,-45 1,-8 -167,0 -34,18 -13,-5 -10,-17 -57,-22 -7,-35 -12,-7 -73,2 -77,-11 128,-14 5,-15 58,-23 -17,-20 -21,-10 29,-8 9,-23 -15,-11 9,-18 -27,-12 -4,-9 64,-7 52,-36 1,-19 15,-12 27,-7 0,-8 38,-3 7,-7 -6,-9 -45,-18 65,-10 42,9 37,19 10,-2 14,-25 85,-19 55,-2 7,-9 -8,-8 -52,0 -41,12 -148,-3 -200,-30 -97,36 -16,-3 -1,-11 45,-35 -76,5 -32,-7 -39,-15 19,-16 -2,-7 -67,-16 37,-10 -48,-10 3,-7 49,-2 17,-5 0,-8 -179,-28 -21,-6 1,-7 207,-3 -12,-13 31,-15 -57,-6 2,-6 44,-6 0,-29 -24,-7 -1,-7 153,-31 160,-47 8,-7 -251,-22 11,-8 173,-4 174,18 237,-45 15,-8 -4,-7 7,-4 30,-6 49,7 52,-9 -37,-16 -57,0 44,-13 173,-4 49,-8 71,3 88,-19 309,-20 59,-13 402,-30 38,-573 -36000,0
-15974,-2125 -10,2 7,4 3,-6
-7880,-3365 -19,-1 11,8 8,-7
-1437,-797 -1,9 8,-5 -7,-4
